[{"$i":"ok","$v":"KULUNGILE"},{"$i":"back","$v":"Emuva"},{"$i":"help","$v":"Usizo"},{"$i":"cancel","$v":"Khansela"},{"$i":"close","$v":"Vala"},{"$i":"skip","$v":"Yeqa"},{"$i":"enable","$v":"Vula"},{"$i":"turnOn","$v":"Vula"},{"$i":"save","$v":"Londoloza"},{"$i":"select","$v":"Khetha"},{"$i":"deselect","$v":"Yeka ukukhetha"},{"$i":"go","$v":"Hamba"},{"$i":"search","$v":"Cinga"},{"$i":"options","$v":"Okhetha kukho"},{"$i":"exit","$v":"Phuma"},{"$i":"signIn","$v":"Ngena"},{"$i":"dismiss","$v":"Chitha"},{"$i":"dismiss-all","$v":"Lahla konke"},{"$i":"undo","ariaLabel":"Hoxisa osekwenziwe"},{"$i":"lockscreenEnterLockCode","$v":"Sicela ufake ikhodi enamadijithi angu-4"},{"$i":"lockscreenCheckLockCode","$v":"Ikhodi engalungile. Sicela uzame futhi."},{"$i":"lockscreenDeviceLocked","$v":"Idivayisi ikhiyiwe, zama futhi emva kwamasekhondi angu-30."},{"$i":"pocketmodeLongPress","$v":"Slayida noma cindezela"},{"$i":"pocketmodeToUnlock","$v":"ukuvula"},{"$i":"enterPIN","$v":"Faka ikhodi enamadijithi angu-6 ukuze uvule"},{"$i":"mediaPlaybackTrack","$v":"Isihloko sengoma nomculi"},{"$i":"mediaPlaybackControls","$v":"Ukulawula ukudlala"},{"$i":"mediaPlaybackPrevious","$v":"Okwandulele"},{"$i":"mediaPlaybackPlay","$v":"Dlala"},{"$i":"mediaPlaybackPause","$v":"Misa"},{"$i":"mediaPlaybackNext","$v":"Okulandelayo"},{"$i":"UnknownTrack","$v":"Ingoma engaziwa"},{"$i":"wifiButton-on","$v":"I-Wi-Fi ivuliwe"},{"$i":"wifiButton-on-initializing","$v":"I-Wi-Fi ivuliwe, iyavuleka"},{"$i":"wifiButton-off","$v":"I-Wi-Fi ivaliwe"},{"$i":"dataButton-on","$v":["Idatha ",{"t":"idOrVar","v":"type"}," ivuliwe"]},{"$i":"dataButton-off","$v":["Idatha ",{"t":"idOrVar","v":"type"}," ivaliwe"]},{"$i":"bluetoothButton-on","$v":"I-Bluetooth ivuliwe"},{"$i":"bluetoothButton-on-initializing","$v":"I-Bluetooth ivuliwe, iyaqala"},{"$i":"bluetoothButton-off","$v":"I-Bluetooth ivaliwe."},{"$i":"airplaneMode-on","$v":"Imodi Yendiza ivuliwe"},{"$i":"airplaneMode-off","$v":"Imodi yendiza ivaliwe"},{"$i":"airplaneOff","$v":"Vala imodi yendiza"},{"$i":"settingsButton","ariaLabel":"Amasethingi"},{"$i":"simLabel","$v":["I-SIM ",{"t":"idOrVar","v":"id"}]},{"$i":"statusbarLabel","$v":[{"t":"idOrVar","v":"date"},", ",{"t":"idOrVar","v":"operator"}]},{"$i":"statusbarDateFormat","$v":"%b %e"},{"$i":"statusbar","ariaLabel":"Ibha Yesimo"},{"$i":"statusbarBattery","ariaLabel":["Ibhetri ",{"t":"idOrVar","v":"level"}," amaphesenti"]},{"$i":"statusbarBatteryCharging","ariaLabel":["Ibhetri ",{"t":"idOrVar","v":"level"}," amaphesenti, iyashaja"]},{"$i":"statusbarFlightMode","ariaLabel":"Imodi Yendiza ivuliwe"},{"$i":"statusbarWiFiConnecting","$v":"I-Wi-Fi: ixhunyiwe"},{"$i":"statusbarWiFiConnected","$v":["I-Wi-Fi: ",{"t":"idOrVar","v":"level"}," yamabha amane"]},{"$i":"statusbarSignal","$v":[{"t":"idOrVar","v":"operator"}," nethiwekhi, ",{"t":"idOrVar","v":"level"}," yamabha amahlanu"]},{"$i":"statusbarSignalRoaming","$v":[{"t":"idOrVar","v":"operator"}," nethiwekhi (zulazulayo), ",{"t":"idOrVar","v":"level"}," yamabha amahlanu"]},{"$i":"statusbarSignalNoneSearching","$v":"Ukufuna… Ucingo lwesimo esiphuthumayo kuphela"},{"$i":"statusbarHeadphones","ariaLabel":"Ama-headphone afakiwe"},{"$i":"statusbarBluetoothHeadphones","ariaLabel":"Ama-headphone e-Bluetooth afakiwe"},{"$i":"statusbarBluetoothTransferring","ariaLabel":"Ukudlulisa nge-Bluetooth kuyasebenza"},{"$i":"statusbarIconOn-tethering","$v":"I-Tethering ivuliwe"},{"$i":"statusbarIconOnActive-tethering","$v":"I-Tethering ivuliwe, iyasebenza"},{"$i":"statusbarAlarm","ariaLabel":"I-alamu ivuliwe"},{"$i":"statusbarIME","ariaLabel":"I-IME ivuliwe"},{"$i":"statusbarIconOn-bluetooth","$v":"I-Bluetooth ivuliwe"},{"$i":"statusbarIconOnActive-bluetooth","$v":"I-Bluetooth ivuliwe, iyasebeza"},{"$i":"statusbarIconOn-mute","$v":"Thulisa umsindo"},{"$i":"statusbarIconOn-vibration","$v":"Ukundindizela kuvuliwe"},{"$i":"statusbarRecording","ariaLabel":"Ukurekhoda kuyaqhubeka"},{"$i":"statusbarGeolocation","ariaLabel":"Ukulandelela Ngebalazwe"},{"$i":"statusbarUsb","ariaLabel":"I-USB ivuliwe"},{"$i":"statusbarForwarding","$v":"Ukudluliswa kwezingcingo kusethiwe"},{"$i":"statusbarPlaying","ariaLabel":"Kudlala imidiya"},{"$i":"statusbarNfc","ariaLabel":"I-NFC ivuliwe"},{"$i":"statusbarDownloads","ariaLabel":"Iyadawuniloda…"},{"$i":"statusbarNetworkActivity","ariaLabel":"Inethiwekhi ivuliwe"},{"$i":"statusbarEmergencyCBNotification","ariaLabel":"Ukufonelwa esimweni esiphuthumayo"},{"$i":"statusbarNotifications","$v":{"few":[{"t":"idOrVar","v":"n"}," Izaziso"],"many":[{"t":"idOrVar","v":"n"}," Izaziso"],"one":[{"t":"idOrVar","v":"n"}," Izaziso"],"other":[{"t":"idOrVar","v":"n"}," Izaziso"],"two":[{"t":"idOrVar","v":"n"}," Izaziso"]},"$x":[{"t":"idOrVar","v":"plural"},"n"]},{"$i":"statusbarNotifications-unread","ariaLabel":{"$x":[{"t":"idOrVar","v":"plural"},"n"],"$v":{"few":[{"t":"idOrVar","v":"n"}," izikhumbuzo ezingakafundwa"],"many":[{"t":"idOrVar","v":"n"}," izikhumbuzo ezingakafundwa"],"one":[{"t":"idOrVar","v":"n"}," isikhumbuzo esingakafundwa"],"other":[{"t":"idOrVar","v":"n"}," izikhumbuzo ezingakafundwa"],"two":[{"t":"idOrVar","v":"n"}," izikhumbuzo ezingakafundwa"]}}},{"$i":"clear","$v":"Sula"},{"$i":"clear-all","$v":"Sula Konke"},{"$i":"notification-title","$v":{"few":[{"t":"idOrVar","v":"n"}," Izaziso"],"many":[{"t":"idOrVar","v":"n"}," Izaziso"],"one":[{"t":"idOrVar","v":"n"}," Izaziso"],"other":[{"t":"idOrVar","v":"n"}," Izaziso"],"two":[{"t":"idOrVar","v":"n"}," Izaziso"],"zero":[{"t":"idOrVar","v":"n"}," Izaziso"]},"$x":[{"t":"idOrVar","v":"plural"},"n"]},{"$i":"notification-dialog-no-notices","$v":"Azikho izaziso"},{"$i":"notification-title-new","$v":{"few":[{"t":"idOrVar","v":"n"}," Izaziso"],"many":[{"t":"idOrVar","v":"n"}," Izaziso"],"other":[{"t":"idOrVar","v":"n"}," Izaziso"],"two":[{"t":"idOrVar","v":"n"}," Izaziso"],"one":[{"t":"idOrVar","v":"n"}," Isaziso"],"zero":[{"t":"idOrVar","v":"n"}," Isaziso"]},"$x":[{"t":"idOrVar","v":"plural"},"n"]},{"$i":"notification-dialog-no-notices-new","$v":"Asikho isaziso"},{"$i":"attentionScreen-tapToShow","$v":"Thepha ukuze ubonise"},{"$i":"camera","$v":"Ikhamera"},{"$i":"kai-dflt-value-level","$v":"Beka inani lezinga"},{"$i":"kai-dflt-range-value-name","$v":"Izinga"},{"$i":"newVoicemails","$v":{"few":[{"t":"idOrVar","v":"n"}," imeyili yezwi entsha"],"many":[{"t":"idOrVar","v":"n"}," imeyili yezwi entsha"],"one":"imeyili yezwi entsha eyodwa","other":[{"t":"idOrVar","v":"n"}," imeyili yezwi entsha"],"two":[{"t":"idOrVar","v":"n"}," imeyili yezwi entsha"],"zero":"Ayikho imeyili yezwi entsha"},"$x":[{"t":"idOrVar","v":"plural"},"n"]},{"$i":"newVoicemailsUnknown","$v":"Imeyili yezwi entsha"},{"$i":"dialNumber","$v":["Dayela ",{"t":"idOrVar","v":"number"}]},{"$i":"voicemailNotificationMultiSim","$v":["(SIM ",{"t":"idOrVar","v":"n"},") ",{"t":"idOrVar","v":"title"}]},{"$i":"euRoamingNotificationTitle","$v":"Kutholakale i-inthanethi ye-EU"},{"$i":"euRoamingNotificationMsg","$v":"Thepha ukuze ushintshe."},{"$i":"restart","$v":"Qala kabusha"},{"$i":"power","$v":"Amandla avaliwe"},{"$i":"lock","$v":"Khiya"},{"$i":"cleanup","$v":"Hlanza Imemori"},{"$i":"no-recent-app-windows","$v":"Iwindi le-aplikheshini yakho yakamuva livela lapha"},{"$i":"no-recent-browser-windows","$v":"Iwindi lokungena ku-inthanethi livela lapha"},{"$i":"closeCard","ariaLabel":"Vala"},{"$i":"openCard","ariaLabel":"Vula"},{"$i":"yes","$v":"Yebo"},{"$i":"no","$v":"Cha"},{"$i":"dontallow","$v":"Ungavumeli"},{"$i":"allow","$v":"Vumela"},{"$i":"dontshare-geolocation","$v":"Ungabelani"},{"$i":"share-geolocation","$v":"Yabelana"},{"$i":"dontshare-audio-capture","$v":"Ungabelani"},{"$i":"share-audio-capture","$v":"Yabelana"},{"$i":"dontshare-video-capture","$v":"Ungabelani"},{"$i":"share-video-capture","$v":"Yabelana"},{"$i":"dontshare-media-capture","$v":"Ungabelani"},{"$i":"share-media-capture","$v":"Yabelana"},{"$i":"device-front","$v":"Ikhamela Ephambili"},{"$i":"device-back","$v":"Ikhamera Engemuva"},{"$i":"front-camera","$v":"Ikhamela ephambili"},{"$i":"back-camera","$v":"Ikhamera engemuva"},{"$i":"more-info","$v":"Imininingwane eyengeziwe…"},{"$i":"hide-info","$v":"Fihla imininingwane"},{"$i":"install-app","$v":["Faka ",{"t":"idOrVar","v":"name"},"?"]},{"$i":"size","$v":"Usayizi"},{"$i":"author","$v":"Umbhali"},{"$i":"size-unknown","$v":"Akwaziwa"},{"$i":"author-unknown","$v":"Akwaziwa"},{"$i":"install","$v":"Faka"},{"$i":"bytes","$v":"amabhayithi"},{"$i":"kB","$v":"I-KB"},{"$i":"MB","$v":"I-MB"},{"$i":"GB","$v":"I-GB"},{"$i":"TB","$v":"I-TB"},{"$i":"PB","$v":"I-PB"},{"$i":"app-install-generic-error","$v":[{"t":"idOrVar","v":"appName"}," ukudawunila kumiswe"]},{"$i":"app-install-download-failed","$v":[{"t":"idOrVar","v":"appName"}," ukudawunila kuhlulekile"]},{"$i":"app-install-install-failed","$v":[{"t":"idOrVar","v":"appName"}," ukudawunila kuhlulekile"]},{"$i":"cancelling-will-not-refund","$v":"Ukukhansela ngeke kuyibuyise imali othenge ngayo. Ukubuyiswa kwemali kwenziwa umuntu othenge kuye."},{"$i":"apps-can-be-installed-later","$v":"Ama-aplikheshini angafakwa kamuva endaweni athathwa kuyo."},{"$i":"are-you-sure-you-want-to-cancel","$v":"Uqinisekile ukuthi ufuna ukukhansela lokhu?"},{"$i":"cancel-install","$v":"Khansela Ukufaka"},{"$i":"cancel-install-button","$v":"Khansela Ukufaka"},{"$i":"resume","$v":"Qhubeka"},{"$i":"continue","$v":"Qhubeka"},{"$i":"stopDownloading","$v":["Yeka ukudawuniloda ",{"t":"idOrVar","v":"app"},"?"]},{"$i":"app-download-can-be-restarted","$v":"Ukudawuniloda kungaphinde kuqale kamuva."},{"$i":"app-download-stop-button","$v":"Yeka Ukudawuniloda"},{"$i":"not-enough-space","$v":"Asikho isikhala esanele"},{"$i":"not-enough-space-message","$v":"Asikho isikhala esanele sokufaka le-aplikheshini. Vula isikhala ngokususa ama-aplikheshini amadala noma imidiya bese uphinde uzama ukuyifaka uyithatha endawenini egcinwe kuyo."},{"$i":"app-install-success","$v":[{"t":"idOrVar","v":"appName"}," ifakiwe"]},{"$i":"app-install-update","$v":[{"t":"idOrVar","v":"appName"}," Ibuyekeziwe"]},{"$i":"langpack-install-success2","$v":[{"t":"idOrVar","v":"appName"}," ifakiwe. Yiya Kumasethingi > Ulimi ukuze isebenze."]},{"$i":"setup","$v":"Ukusetha"},{"$i":"ime-addkeyboards","$v":"Faka ikhibhodi"},{"$i":"ime-lowercase","$v":"Yehlisa amagama"},{"$i":"ime-uppercase","$v":"Amagama aphakeme"},{"$i":"ime-number","$v":"Inombolo"},{"$i":"ime-capitalize","$v":"Khuphula amagama"},{"$i":"ime-t9","$v":"T9"},{"$i":"ime-r9","$v":"R9"},{"$i":"ime-predictive","$v":"Ukubikezela"},{"$i":"ime-insert-word","$v":"Faka igama"},{"$i":"ime-voice-input-messsage","$v":"Cindezela isikhathi eside KULUNGILE ukuze ukhulume endaweni yamagama."},{"$i":"later","$v":"Ngemva kwesikhathi"},{"$i":"download","$v":"Dawuniloda"},{"$i":"wantToDownload","$v":"Dawuniloda okubukeziwe manje?"},{"$i":"wantToInstallNow","$v":"Uyafuna ukufaka okubukeziwe manje? Ngeke ukwazi ukusebenzisa ifoni yakho imizuzu embalwa."},{"$i":"installNow","$v":"Faka Manje"},{"$i":"notNow","$v":"Hhayi Manje"},{"$i":"downloadingUpdateMessage","innerHTML":{"$o":["Ukudawuniloda okwakamuva… <span>",{"t":"idOrVar","v":"progress"}," idawunilodile.</span>"]}},{"$i":"downloadingAppMessage","$v":["Iyadawuniloda ",{"t":"idOrVar","v":"appName"}]},{"$i":"downloadingAppProgressNoMax","$v":[{"t":"idOrVar","v":"progress"}," idawunilodile"]},{"$i":"downloadingAppProgressIndeterminate","$v":"Iyadawuniloda"},{"$i":"downloadingAppProgress","$v":[{"t":"idOrVar","v":"progress"}," / ",{"t":"idOrVar","v":"max"}," idawunilodile"]},{"$i":"cancelAllDownloads","$v":"Khansela konke ukudawuniloda"},{"$i":"wantToCancelAll","$v":"Uqinisekile ukuthi ufuna ukukhansela konke ukudawuniloda?"},{"$i":"downloadError","$v":"Kube khona iphutha ngesikhathi idawuniloda okwakamuva."},{"$i":"updateAvailableInfo","innerHTML":{"$x":[{"t":"idOrVar","v":"plural"},"n"],"$v":{"few":{"$o":[{"t":"idOrVar","v":"n"}," okubukeziwe kukhona. <span>Tap for more info.</span>"]},"many":{"$o":[{"t":"idOrVar","v":"n"}," okubukeziwe kukhona. <span>Tap for more info.</span>"]},"one":{"$o":[{"t":"idOrVar","v":"n"}," okubukeziwe kukhona. <span>Tap for more info.</span>"]},"other":{"$o":[{"t":"idOrVar","v":"n"}," okubukeziwe kukhona. <span>Tap for more info.</span>"]},"two":{"$o":[{"t":"idOrVar","v":"n"}," okubukeziwe kukhona. <span>Tap for more info.</span>"]}}}},{"$i":"numberOfUpdates","$v":{"few":[{"t":"idOrVar","v":"n"}," Izimemezelo"],"many":[{"t":"idOrVar","v":"n"}," Izimemezelo"],"one":[{"t":"idOrVar","v":"n"}," Izimemezelo"],"other":[{"t":"idOrVar","v":"n"}," Izimemezelo"],"two":[{"t":"idOrVar","v":"n"}," Izimemezelo"]},"$x":[{"t":"idOrVar","v":"plural"},"n"]},{"$i":"systemUpdate","$v":"Isibuyekezo sesistimu"},{"$i":"systemUpdateReady","$v":"Isistimu Ikulungele Ukubuyekezwa"},{"$i":"updates","$v":"Izibuyekezo"},{"$i":"systemUpdateLowBatteryThreshold","$v":["Udinga okungenani ",{"t":"idOrVar","v":"threshold"},"% webhetri ukuze ufake isibuyekezo."]},{"$i":"required","$v":"Iyadingeka?"},{"$i":"uncompressingMessage","innerHTML":{"$o":"Iyayivula… <span>This can take a few minutes.</span>"}},{"$i":"downloadWifiPrioritizedUsing2G","$v":"Okwakamuva kudawunilodeka ngedatha uma i-Wi-Fi ingekho. Lapho usebenzisa idatha, izingcingo zingase zivinjwe futhi ungase ukhokhe kakhulu."},{"$i":"downloadWifiPrioritized3","$v":"Okwakamuva kudawunilodeka ngedatha uma i-Wi-Fi ingekho. Lapho usebenzisa idatha, ungase ukhokhe kakhulu."},{"$i":"downloadNoWifiWarning","$v":"I-Wi-Fi ayikho. Ukubukeza usebenzisa lokhu kuxhuma kungabangela ukuba ukhokhe kakhulu."},{"$i":"downloadOfflineWarning2","$v":"Xhuma kunethiwekhi ukuze udawunilode izinto ezithuthukisiwe."},{"$i":"downloadUpdatesViaDataConnection","$v":"Dawuniloda okwakamuva ngedatha?"},{"$i":"downloadUpdatesVia2GForbidden3","$v":"Ukudawuniloda okuthuthukisiwe akwenzeki ngokuxhuma okungasheshi (2G). Sicela uxhume nge-Wi-Fi noma nge-3G (uma ikhona) bese uphinde uzame."},{"$i":"downloadUpdatesViaDataConnectionMessage3","$v":"Lapho usebenzisa idatha, ungase ukhokhe kakhulu. Uyafuna ukuqhubeka?"},{"$i":"downloadUpdatesViaDataRoamingConnection","$v":"Dawuniloda okwakamuva ngedatha ezulazulayo?"},{"$i":"downloadUpdatesViaDataRoamingConnectionMessage","$v":"Uyazulazula njengamanje futhi ungase ukhokhe kakhulu. Uyafuna ukuqhubeka?"},{"$i":"screenshotSaved","$v":"Isithombe esithathwe kusikrini silondoloziwe kugalari"},{"$i":"screenshotFailed","$v":"Izithombe ezithathwe esikrinini azilondolozekanga"},{"$i":"screenshotNoSDCard","$v":"Akukho khadi lememori elitholakele"},{"$i":"screenshotSDCardInUse","$v":"I-Memory khadi iyasebenza"},{"$i":"screenshotSDCardLow","$v":"Asikho isikhala asanele kwikhadi lememori"},{"$i":"emergency-call-button","$v":"Ikholi Yesimo Esiphuthumayo"},{"$i":"emergency-call","$v":"Okuphuthumayo"},{"$i":"unlock-a11y-button","ariaLabel":"Vula"},{"$i":"camera-a11y-button","ariaLabel":"Ikhamera"},{"$i":"longDateFormat","$v":"%A, %B %e"},{"$i":"clockDateFormat","$v":"%a, %e %b"},{"$i":"panel-passcode","ariaLabel":"Iphasikhodi"},{"$i":"open-notification","$v":"kuvuliwe"},{"$i":"unlock","$v":"Vula"},{"$i":"login","$v":"Ngena ngemvume"},{"$i":"sign-in-to-website","$v":"Ngena kwiwebhusayithi"},{"$i":"username","$v":"Igama lomsebenzisi"},{"$i":"password","$v":"Iphasiwedi"},{"$i":"show-password","$v":"Bonisa iphasiwedi"},{"$i":"http-authentication-message2","$v":["Iwebhusayithi ",{"t":"idOrVar","v":"host"}," ifuna ungene kuyo."]},{"$i":"error-message","$v":[{"t":"idOrVar","v":"name"}," ayisalowudi ngendlela efanele"]},{"$i":"error-title","$v":[{"t":"idOrVar","v":"name"}," inezinkinga"]},{"$i":"unable-to-connect","$v":"Ayikwazi ukuxhuma"},{"$i":"tap-to-check-settings","$v":"Thepha ukuze uhlole amasethingi"},{"$i":"set","$v":"Setha"},{"$i":"delete-title","$v":["Susa ",{"t":"idOrVar","v":"name"}]},{"$i":"delete-body","$v":[{"t":"idOrVar","v":"name"}," nayo yonke idatha yakho izosuswa."]},{"$i":"delete","$v":"Khipha"},{"$i":"delete-desc","$v":"Uqinisekile ukuthi ufuna ukuyisusa?"},{"$i":"unrecoverable-error-title","$v":"Susa I-aplikheshini"},{"$i":"unrecoverable-error-body","$v":"Ayikwazi ukufaka i-aplikheshini ngenxa yephutha elingatholakali. Sicela uzame ukudawuniloda futhi. I-aplikheshini izosuswa."},{"$i":"unrecoverable-error-action","$v":"KULUNGILE"},{"$i":"instant-settings","$v":"Amasethingi asheshayo"},{"$i":"settings","$v":"Amasethingi"},{"$i":"flashlight","$v":"Ukukhanyisa"},{"$i":"brightness","$v":"Ukukhanya"},{"$i":"volume","$v":"Ivolumu"},{"$i":"calculator","$v":"Isibali"},{"$i":"airplane-mode","$v":"Imodi Yendiza"},{"$i":"wifi","$v":"I-Wi-Fi"},{"$i":"bluetooth","$v":"I-Bluetooth"},{"$i":"cellular-data","$v":"Idatha Yeselula"},{"$i":"on","$v":"Ivuliwe"},{"$i":"off","$v":"Valiwe"},{"$i":"percentage-number","$v":[{"t":"idOrVar","v":"number"},"%"]},{"$i":"select-time","$v":"Khetha Isikhathi"},{"$i":"select-date","$v":"Khetha Usuku"},{"$i":"battery-almost-empty-plug-in-your-charger","$v":"Ibhetri lakho liphansi. Sicela ulifake ogesini."},{"$i":"battery-temperature-warning-header","$v":"Isexwayiso"},{"$i":"battery-temperature-high","$v":"Kushisa kakhulu. Ifoni izocisha uma kuqhubeka kushisha."},{"$i":"battery-temperature-high-stop-charging","$v":"Kushisa kakhulu. Iyekile ukushaja. Ifoni izocisha uma ukushisha kuqhubeka kukhula."},{"$i":"battery-temperature-low","$v":"Amazinga okushisa aphansi kakhulu. Ifoni izocisha uma amazinga okushisa eqhubeka ehla."},{"$i":"battery-temperature-low-stop-charging","$v":"Kubanda kakhulu. Iyekile ukushaja. Ifoni izocisha uma kuqhubeka kubanda."},{"$i":"crash-dialog2-os","$v":[{"t":"idOrVar","v":"brandShortName"}," isanda kubuya ekukrasheni"]},{"$i":"crash-dialog-app","$v":[{"t":"idOrVar","v":"name"}," isanda kukrasha."]},{"$i":"crash-dialog-app-noname","$v":"Okuthile"},{"$i":"crash-dialog-message","$v":"Ungathanda ukuthumela umbiko we-KaiOS mayelana nokukrasha ukuze usisize silungise inkinga? (Imibiko ithunyelwa nge-Wi-Fi kuphela.)"},{"$i":"crash-info-link","$v":"Yini esembikweni wokukrasha?"},{"$i":"crash-always-report","$v":"Hlale uthumela umbiko we-KaiOS lapho ikrasha."},{"$i":"crash-dont-send","$v":"Ungathumeli"},{"$i":"crash-end","$v":"Thumela umbiko"},{"$i":"crashReports","$v":"Imibiko YokuKrasha"},{"$i":"done","$v":"Kwenziwe"},{"$i":"crash-reports-description-1","$v":"Umbiko wokukrasha uqukethe imininingwane ngokukrasha nedivayisi yakho, kanye nesithombe esiveza isimo sedivayisi yakho ngesikhathi ikrasha."},{"$i":"crash-reports-description-2","$v":"Lokhu kungase kuhlanganise izinto ezifana nokuvula amakhasi nama-aplikheshini, amagama abhalwe emafomini nokuqukethwe imilayezo evuliwe, ukungena ku-inthanethi kwakamuva noma indawo obukuyo esetshenziswe yi-aplikheshini ebivuliwe."},{"$i":"crash-reports-description-3-start","$v":"Sisebenzisa imibiko yokukrasha ukuze sizame ukulungisa izinkinga futhi sithuthukise imikhiqizo yethu. Sisingatha imininingwane yakho ngendlela esiyichaze ku-u20 yethu"},{"$i":"crash-reports-description-3-privacy","$v":"inqubomgomo yokugcinwa kwemininingwane iyimfihlo"},{"$i":"crash-reports-description-3-end","$v":"."},{"$i":"crash-banner-os2","$v":[{"t":"idOrVar","v":"brandShortName"}," isanda kukrasha."]},{"$i":"crash-banner-app","$v":[{"t":"idOrVar","v":"name"}," isanda kukrasha."]},{"$i":"crash-banner-report","$v":"Umbiko"},{"$i":"bluetooth-sending-progress","$v":"Ukuthumela ifayela nge-bluetooth"},{"$i":"bluetooth-receiving-progress","$v":"Ukwamukela ifayela nge-bluetooth"},{"$i":"acceptFileTransfer","$v":"Thumela Isicelo"},{"$i":"requestToReceive","$v":[{"t":"idOrVar","v":"deviceName"}," ingathanda ukuthumela ifayela nom amafayela. Ungathanda ukwamukela?"]},{"$i":"wantToReceiveFile","$v":[{"t":"idOrVar","v":"deviceName"}," ungathanda ukuthumela ",{"t":"idOrVar","v":"fileName"}," (",{"t":"idOrVar","v":"fileSize"},")."]},{"$i":"transfer-confirmation-title","$v":[{"t":"idOrVar","v":"deviceName"}]},{"$i":"transfer-confirmation-description","$v":"Bukeza isicelo sokuthumela."},{"$i":"byteUnit-B","$v":"B"},{"$i":"byteUnit-KB","$v":"I-KB"},{"$i":"byteUnit-MB","$v":"I-MB"},{"$i":"byteUnit-GB","$v":"I-GB"},{"$i":"byteUnit-TB","$v":"I-TB"},{"$i":"byteUnit-PB","$v":"I-PB"},{"$i":"byteUnit-EB","$v":"I-EB"},{"$i":"byteUnit-ZB","$v":"I-ZB"},{"$i":"byteUnit-YB","$v":"I-YB"},{"$i":"fileSize","$v":[{"t":"idOrVar","v":"size"}," ",{"t":"idOrVar","v":"unit"}]},{"$i":"deny","$v":"Nqaba"},{"$i":"transfer","$v":"Dlulisa"},{"$i":"accept","$v":"Yamukela"},{"$i":"stop","$v":"Yima"},{"$i":"cancelFileTransfer","$v":"Khansela ukuthumela ifayela nge-Bluetooth?"},{"$i":"continueFileTransfer","$v":"Qhubeka"},{"$i":"transfer-has-started-title","$v":"Ukuthumela ifayela kulungele ukuqala"},{"$i":"transfer-has-started-description","$v":"Ilinde isiqinisekiso"},{"$i":"transfer-has-started-toast","$v":"Ukuthumela ifayela sekuqalile. Hlola ukuthi isihambe kangakanani"},{"$i":"transferFinished-sentSuccessful-title","$v":"Ifayela lithunyelwe"},{"$i":"transferFinished-receivedSuccessful-title","$v":"Lamukelwe ifayela"},{"$i":"transferFinished-failed-title","$v":"Ukudlulisa ifayela kuhlulekile"},{"$i":"transferFinished-try-again-description","$v":"Alikwazi ukuthumela njengamanje. Sicela uzame futhi ngemva kwesikhathi."},{"$i":"transferReport-title","$v":"Umbiko wokuthumela:"},{"$i":"transferReport-description","$v":[{"t":"idOrVar","v":"numSuccessful"}," ifayela liphumelele, ",{"t":"idOrVar","v":"numUnsuccessful"}," ifayela lihlulekile"]},{"$i":"unknown-file","$v":"Ifayela engaziwa"},{"$i":"unknown-device","$v":"Idivayisi engaziwa"},{"$i":"cannotOpenFile","$v":"Ayikwazi ukuvula amafayela amukelwe"},{"$i":"unknownMediaTypeToOpenFile","$v":["Ayikwazi ukuvula uhlobo lwemidiya engaziwa: ",{"t":"idOrVar","v":"fileName"}]},{"$i":"cannotReceiveFile","$v":"Ayikwazi ukwamukela amafayela"},{"$i":"cannotGetStorageState","$v":"Ayikwazi ukuthola isimo sesitoreji sedivayisi."},{"$i":"sdcard-not-exist2","$v":"Akukho khadi lememori elitholakele. Sicela ufake ikhadi lememori."},{"$i":"sdcard-in-use","$v":"I-Bluetooth ayikwazi ukusetshenziswa uma ifoni ixhunyiwe. Sicela ukhiphe ifoni ukuze uthole amafayela."},{"$i":"sdcard-no-space2","$v":"Ayikwazi ukuqedela ukuthumela: ikhadi lememori ligcwele."},{"$i":"unknown-error","$v":"Iphutha elingaziwa"},{"$i":"confirm","$v":"Qinisekisa"},{"$i":"stopTransferTitle","$v":"Misa ukudlulisa ifayela"},{"$i":"stopTransferContent","$v":"Ingabe ufuna ukumisa ukudlulisela nge-Bluetooth?"},{"$i":"storage","$v":"Isitoreji"},{"$i":"sdcard-detected-title","$v":"Ikhadi le-SD litholiwe."},{"$i":"no-sdcard-title","$v":"Ayikho i-SD khadi"},{"$i":"sdcard-total-size-body","$v":["Usayizi ophelele: ",{"t":"idOrVar","v":"size"}," ",{"t":"idOrVar","v":"unit"}]},{"$i":"sdcard-unknown-size-then-tap-to-format-body","$v":"Usayizi ongaziwa, thepha use phambili"},{"$i":"sdcard-removed-title","$v":"Ikhadi le-SD likhishiwe"},{"$i":"sdcard-removed-ejected-successfully","$v":"Liphume ngokuphumelelayo"},{"$i":"sdcard-removed-not-ejected-properly","$v":"Aliphumanga ngendlela efanele"},{"$i":"set-sdcard-as-default-media-location","$v":"Ikhadi le-SD litholiwe. Yenza i-SD khadi libe yindawo eyinhloko okugcinwa kuyo imidiya?"},{"$i":"no-sdcard-content","$v":"Faka i-SD khadi ukuze uthole isikhala esengeziwe."},{"$i":"sim-confirmation-content","$v":["Idatha yemobhayili yabelwe kuSIM",{"t":"idOrVar","v":"n"},"."]},{"$i":"sim-confirmation-title","$v":"Amakhadi eSIM ashintshiwe"},{"$i":"sim-confirmation-notice-title","$v":"Amakhadi eSIM ashintshiwe"},{"$i":"sim-confirmation-notice","$v":"Khetha ukuze ubone imininingwane."},{"$i":"sim-hot-plug","$v":"Ifoni izoqala kabusha."},{"$i":"sim-hot-plug-empty","$v":"Ifoni izoqala kabusha njengoba amakhadi e-SIM ekhishiwe"},{"$i":"sim-hot-plug-empty-confirm","$v":"Sicela uqinisekise ikhadi le-SIM likhishwe ngokuphelele, bese ucindezele okuthi KULUNGILE ukuze uqalise kabusha."},{"$i":"noSimCard","$v":"Alikho ikhadi le-SIM"},{"$i":"lockedSim","$v":"ISIM Ikhiyekile"},{"$i":"noService","$v":"Ayikho Isevisi"},{"$i":"eccOnly","$v":"Emergency calls only"},{"$i":"nocard-eccOnly","$v":"No SIM card-Emergency calls only"},{"$i":"unusablecard-eccOnly","$v":"Unusable SIM card-Emergency calls only"},{"$i":"searching","$v":"Iyacinga..."},{"$i":"simPin","$v":"I-PIN ye-SIM"},{"$i":"pukCode","$v":"Ikhodi ye-PUK"},{"$i":"nckCode","$v":"Ikhodi ye-NCK"},{"$i":"cckCode","$v":"Ikhodi ye-CCK"},{"$i":"spckCode","$v":"Ikhodi ye-SPCK"},{"$i":"nck1code","$v":"Ikhodi ye-NCK1"},{"$i":"nck2code","$v":"Ikhodi ye-NCK2"},{"$i":"hnckcode","$v":"Ikhodi ye-HNCK"},{"$i":"rcckcode","$v":"Ikhodi ye-RCCK"},{"$i":"rspckcode","$v":"Ikhodi ye-RSPCK"},{"$i":"ncklockContent","$v":["Isikhala",{"t":"idOrVar","v":"n"}," asikhiyiwe."]},{"$i":"whatIsSimPin","$v":"Yini i-PIN ye-SIM?"},{"$i":"simPinIntro1","$v":"I-PIN ye-SIM ivimba ukuba ungangeni kwidata ye-SIM khadi yefoni. Lapho ivuliwe, noma yimaphi amadivayisi ane-SIM khadi azoyifuna i-PIN lapho iqala kabusha."},{"$i":"simPinIntro2","$v":"I-PIN ye-SIM ayifani nephasikhodi esetshenziselwa ukukhiya ifoni."},{"$i":"changeSimPin","$v":"Shintsha i-PIN"},{"$i":"pinTitle","$v":"Faka i-PIN ye-SIM"},{"$i":"multiSIMpinTitle","$v":["Faka I-SIM",{"t":"idOrVar","v":"n"}," PIN"]},{"$i":"multiSIMpukTitle","$v":["Faka I-SIM",{"t":"idOrVar","v":"n"}," PUK"]},{"$i":"multiSIMnckTitle","$v":["Faka Ikhodi Ye-NCK",{"t":"idOrVar","v":"n"}]},{"$i":"multiSIMxckTitle","$v":["Faka i-SIM",{"t":"idOrVar","v":"n"}," ",{"t":"idOrVar","v":"type"}]},{"$i":"xckTitle","$v":["Faka ",{"t":"idOrVar","v":"type"}," ikhodi"]},{"$i":"xckCode","$v":[{"t":"idOrVar","v":"type"}," ikhodi"]},{"$i":"xckBlocked","$v":[{"t":"idOrVar","v":"type"}," uvinjelwe"]},{"$i":"pukTitle","$v":"Faka ikhodi ye-PUK"},{"$i":"nckTitle","$v":"Faka ikhodi ye-NCK"},{"$i":"cckTitle","$v":"Faka ikhodi ye-CCK"},{"$i":"spckTitle","$v":"Faka ikhodi ye-SPCK"},{"$i":"nck1Title","$v":"Faka ikhodi ye-NCK1"},{"$i":"nck2Title","$v":"Faka ikhodi ye-NCK2"},{"$i":"hnckTitle","$v":"Faka ikhodi ye-HNCK"},{"$i":"rcckTitle","$v":"Faka ikhodi ye-RCCK"},{"$i":"rspckTitle","$v":"Faka ikhodi ye-RSPCK"},{"$i":"newpinTitle","$v":"I-PIN entsha"},{"$i":"inputCodeRetriesLeft","$v":{"few":[{"t":"idOrVar","v":"n"}," ukuzama kwesobunxele."],"many":[{"t":"idOrVar","v":"n"}," ukuzama kwesobunxele."],"one":"1 ukuzama kwesobunxele.","other":[{"t":"idOrVar","v":"n"}," ukuzama kwesobunxele."],"two":[{"t":"idOrVar","v":"n"}," ukuzama kwesobunxele."]},"$x":[{"t":"idOrVar","v":"plural"},"n"]},{"$i":"pinErrorMsg","$v":"I-PIN engalungile."},{"$i":"pinAttemptMsg2","$v":{"few":["Kusele amathuba angu ",{"t":"idOrVar","v":"n"}," okufaka ikhodi enembile ngaphambi kokuba i-SIM khadi yakho ikhiyeke."],"many":["Kusele amathuba angu ",{"t":"idOrVar","v":"n"}," okufaka ikhodi enembile ngaphambi kokuba i-SIM khadi yakho ikhiyeke."],"one":"Kusele ithuba elilodwa lokufaka ikhodi enembile ngaphambi kokuba i-SIM khadi yakho ikhiyeke.","other":["Kusele amathuba angu ",{"t":"idOrVar","v":"n"}," okufaka ikhodi enembile ngaphambi kokuba i-SIM khadi yakho ikhiyeke."],"two":["Kusele amathuba angu ",{"t":"idOrVar","v":"n"}," okufaka ikhodi enembile ngaphambi kokuba i-SIM khadi yakho ikhiyeke."]},"$x":[{"t":"idOrVar","v":"plural"},"n"]},{"$i":"pinLastChanceMsg","$v":"Leli yithuba lakho lokugcina lokufaka i-PIN enembile. Uma kungenjalo, kumelwe ufake ikhodi ye-PUK ukuze usebenzise le-SIM khadi."},{"$i":"simCardLockedMsg","$v":"(I-SIM khadi ikheyekile.)"},{"$i":"enterPukMsg","$v":"Kumelwe ufake Ukhiye Wakho Wokuvula (PUK) i-SIM khadi. Bhekisela ku-SIM khadi yakho noma uxhumane nabahlinzeki benethiwekhi ukuze uthole imininingwane eyengeziwe."},{"$i":"pukErrorMsg","$v":"I-PIN engalungile."},{"$i":"pukAttemptMsg2","$v":{"few":["Usele ngemizamo engu ",{"t":"idOrVar","v":"n"}," yokufaka ikhodi elinembile ngaphambi kokuba i-SIM khadi iyeke ukusebenza ngokuphelele. Hlola amadokhumenti e-SIM khadi noma uxhumane nabahlinzeki benethiwekhi ukuze uthole imininingwane eyengeziwe."],"many":["Usele ngemizamo engu ",{"t":"idOrVar","v":"n"}," yokufaka ikhodi elinembile ngaphambi kokuba i-SIM khadi iyeke ukusebenza ngokuphelele. Hlola amadokhumenti e-SIM khadi noma uxhumane nabahlinzeki benethiwekhi ukuze uthole imininingwane eyengeziwe."],"one":"Usele ngomzamo owodwa wokufaka ikhodi elinembile ngaphambi kokuba i-SIM khadi iyeke ukusebenza ngokuphelele. Hlola amadokhumenti e-SIM khadi noma uxhumane nabahlinzeki benethiwekhi ukuze uthole imininingwane eyengeziwe.","other":["Usele ngemizamo engu ",{"t":"idOrVar","v":"n"}," yokufaka ikhodi elinembile ngaphambi kokuba i-SIM khadi iyeke ukusebenza ngokuphelele. Hlola amadokhumenti e-SIM khadi noma uxhumane nabahlinzeki benethiwekhi ukuze uthole imininingwane eyengeziwe."],"two":["Usele ngemizamo engu ",{"t":"idOrVar","v":"n"}," yokufaka ikhodi elinembile ngaphambi kokuba i-SIM khadi iyeke ukusebenza ngokuphelele. Hlola amadokhumenti e-SIM khadi noma uxhumane nabahlinzeki benethiwekhi ukuze uthole imininingwane eyengeziwe."]},"$x":[{"t":"idOrVar","v":"plural"},"n"]},{"$i":"pukLastChanceMsg","$v":"Ithuba lokugcina lokuba ufake i-PUK khodi enembile. I-SIM khadi yakho izoyeka ukusebenza uma ufaka i-PUK eyiphutha. Hlola imininingwane ye-SIM khadi  noma uthintane nomhlinzeki ukuze uthole imininingwane eyengeziwe."},{"$i":"cardPermanentlyLockMsg-head","$v":"I-PIN engalungile."},{"$i":"cardPermanentlyLockMsg-body","$v":"I-SIM khadi yakho ngeke iphinde ivuleke. Thintana nabahlinzeki benethiwekhi ukuze uthole imininingwane eyengeziwe."},{"$i":"newSimPinMsg","$v":"Yenza i-PIN (kumelwe ibe nezinhlamvu ezingu-4 kuya kwezingu-8)"},{"$i":"confirmNewSimPinMsg","$v":"Qinisekisa i-PIN entsha"},{"$i":"newPinErrorMsg","$v":"Ama-PIN awafani."},{"$i":"nckErrorMsg","$v":"Ikhodi ye-NCK ayinembile."},{"$i":"nckAttemptMsg2","$v":{"few":["Isicelo sokuhlela iNethiwekhi sihlulekile. Usele ngamathuba angu ",{"t":"idOrVar","v":"n"}," kuphela okufaka ikhodi enembile. Hlola idokhumenti yedivayisi yakho noma uxhumane nabahlinzeki benethiwekhi."],"many":["Isicelo sokuhlela iNethiwekhi sihlulekile. Usele ngamathuba angu ",{"t":"idOrVar","v":"n"}," kuphela okufaka ikhodi enembile. Hlola idokhumenti yedivayisi yakho noma uxhumane nabahlinzeki benethiwekhi."],"one":"Isicelo sokuhlela iNethiwekhi sihlulekile. Usele ngethuba elilodwa kuphela lokufaka ikhodi enembile. Hlola idokhumenti yedivayisi yakho noma uxhumane nabahlinzeki benethiwekhi.","other":["Isicelo sokuhlela iNethiwekhi sihlulekile. Usele ngamathuba angu ",{"t":"idOrVar","v":"n"}," kuphela okufaka ikhodi enembile. Hlola idokhumenti yedivayisi yakho noma uxhumane nabahlinzeki benethiwekhi."],"two":["Isicelo sokuhlela iNethiwekhi sihlulekile. Usele ngamathuba angu ",{"t":"idOrVar","v":"n"}," kuphela okufaka ikhodi enembile. Hlola idokhumenti yedivayisi yakho noma uxhumane nabahlinzeki benethiwekhi."]},"$x":[{"t":"idOrVar","v":"plural"},"n"]},{"$i":"nckLastChanceMsg","$v":"Isicela sokuhlela iNethiwekhi sihlulekile. Usele ngethuba lokugcina lokufaka ikhodi enembile. Hlola idokhumenti yedivayisi yakho noma uxhumane nabahlinzeki benethiwekhi."},{"$i":"sim-attention-header","$v":"I-SIM ikhiyiwe"},{"$i":"multiSIM-attention-header","$v":["I-SIM",{"t":"idOrVar","v":"n"}," ikhiyiwe"]},{"$i":"sim-attention-head","$v":"Ikhadi le-SIM likhiyekile."},{"$i":"sim-attention-body","$v":"Ungathanda yini ukufaka i-PUK khodi ukuze uvule i-SIM khadi?"},{"$i":"enter-puk-rsk","$v":"Faka i-PUK"},{"$i":"verify-rsk","$v":"Kwenziwe"},{"$i":"activity-pick","$v":"Khetha ku"},{"$i":"activity-view","$v":"Buka nge"},{"$i":"activity-test","$v":"Vivinya nge"},{"$i":"activity-share","$v":"Yabelana"},{"$i":"activity-new","$v":"Yenza nge"},{"$i":"activity-open","$v":"Vula nge"},{"$i":"activity-save-bookmark","$v":"Faka isikhumbuzo ku"},{"$i":"activity-record","$v":"Rekhoda ku"},{"$i":"activity-browse","$v":"Funa nge"},{"$i":"activity-configure","$v":"Hlela nge"},{"$i":"activity-dial","$v":"Dayela ku"},{"$i":"remoteDebuggerMessage","$v":"Kunesicelo esingenayo sokugunyaza ukudibhaga. Sivumele?"},{"$i":"captive-wifi-available","$v":["Inethiwekhi ",{"t":"idOrVar","v":"networkName"}," itholakele. Ngena kuyo?"]},{"$i":"ceWarningtitle","$v":"Isixwayiso sevolumu"},{"$i":"ceWarningcontent","$v":"Ukuvimbela ukonakala okungaba khona ekuzweni, ungalaleli uma amazinga wevolumu ephezulu isikhathi eside."},{"$i":"is-volume-type-notification","$v":"Amaringithoni Nezaziso"},{"$i":"is-volume-type-telephony","$v":"Ivolumu"},{"$i":"is-volume-type-alarm","$v":"I-alamu"},{"$i":"is-volume-type-content","$v":"Imidiya"},{"$i":"kai-volume-type-notification","$v":"AMATHONI OKUKHALA NEZEXWAYISO"},{"$i":"kai-volume-type-telephony","$v":"IVOLOMU"},{"$i":"volume-type-alarm","$v":"I-alamu"},{"$i":"volume-type-content","$v":"Imidiya"},{"$i":"vibrate-only","$v":"Ukundindizela kuphela"},{"$i":"silent","$v":"Thulile"},{"$i":"vibrate-on","$v":"Ukundindizela: Kuvuliwe"},{"$i":"vibrate-off","$v":"Ukundindizela: Kuvaliwe"},{"$i":"vibrate","$v":"Ukundindizela"},{"$i":"kai-volume","$v":["Ivolumu:",{"t":"idOrVar","v":"n"},"/",{"t":"idOrVar","v":"c"}]},{"$i":"notification-powersaving-mode-on-title","$v":"Imodi Yokulondoloza Amandla Ivuliwe"},{"$i":"notification-powersaving-mode-on-description","$v":"Imodi yokulondoloza amandla ivuliwe"},{"$i":"low-device-storage","$v":"Idivayisi inesikhala esincane.\\n"},{"$i":"storage-alert","$v":"Isaziso Sendawo Yokulondoloza"},{"$i":"phone-almost-full","$v":"Ifoni kusele kancane igcwale."},{"$i":"free-space","$v":{"few":["Ngaphansi kwe ",{"t":"idOrVar","v":"value"}," ",{"t":"idOrVar","v":"unit"}," okusele."],"many":["Ngaphansi kwe ",{"t":"idOrVar","v":"value"}," ",{"t":"idOrVar","v":"unit"}," okusele."],"one":["Ngaphansi kwe ",{"t":"idOrVar","v":"value"}," ",{"t":"idOrVar","v":"unit"}," okusele."],"other":["Ngaphansi kwe ",{"t":"idOrVar","v":"value"}," ",{"t":"idOrVar","v":"unit"}," okusele."],"two":["Ngaphansi kwe ",{"t":"idOrVar","v":"value"}," ",{"t":"idOrVar","v":"unit"}," okusele."],"zero":"Asisekho isikhala esingenalutho esisele."},"$x":[{"t":"idOrVar","v":"plural"},"value"]},{"$i":"unknown-free-space","$v":"Isikhala esisele esingaziwa."},{"$i":"can-delete-data-to-get-space","$v":"Ungasusa amanye amafayela emidiya noma idatha yokulawula ama-aplikheshini ukuze uthole isikhala esengeziwe."},{"$i":"should-delete-data-to-get-space","$v":"Kumelwe udilithe amafayela athile emidiya noma ulawule idatha ye-aplikheshini ukuze uthole isikhala esengeziwe esikhululekile ngaphambi kokuba uqhubeke usebenzisa le divayisi. "},{"$i":"storage-full-level-1-title","$v":"Ifoni kufanele igcwale"},{"$i":"storage-full-level-2-title","$v":"Isitoreji sefoni sigcwele."},{"$i":"delete-to-get-space","$v":"Sula amafayela emidiya, idatha yohlelo noma izinhlelo ezilandiwe ukuze ukhulule isikhala."},{"$i":"delete-to-get-space-level-2","$v":"Sula amafayela emidiya, idatha yohlelo noma izinhlelo ezilandiwe ukuze ukhulule isikhala. Uma kungenjalo, ifoni ngeke isebenze kahle."},{"$i":"system-alert","$v":"Isixwayiso Sesistimu"},{"$i":"cb-channel","$v":["Ishaneli ",{"t":"idOrVar","v":"channel"}]},{"$i":"cell-broadcast-subtitle","$v":"Ukusakazwa Kweselula"},{"$i":"cb-etws-warningType-earthquake","$v":"Isexwayiso Sokuzamazama Komhlaba!"},{"$i":"cb-etws-warningType-tsunami","$v":"Isexwayiso se-Tsunami!"},{"$i":"cb-etws-warningType-earthquake-tsunami","$v":"Isexwayiso Sokuzamazama Komhlaba Ne-tsunami!"},{"$i":"cb-etws-warningType-test","$v":"Kuhlolwa isistu yesixwayiso."},{"$i":"cb-etws-warningType-other","$v":"Isexwayiso sezimo eziphuthumayo!"},{"$i":"icc-message-maintitle","$v":"Umyalezo ovela kwinethiwekhi"},{"$i":"icc-message-subtitle","$v":"I-SIM"},{"$i":"icc-confirmCall-defaultmessage","$v":["Fona ",{"t":"idOrVar","v":"number"},"?"]},{"$i":"icc-alertMessage-defaultmessage","$v":"Ithumela umyalezo"},{"$i":"icc-confirmMessage-defaultmessage","$v":"Thumela umlayezo?"},{"$i":"icc-notification-title","$v":["I-SIM ",{"t":"idOrVar","v":"id"}," STK"]},{"$i":"icc-inputbox-maintitle","$v":"Umbuzo we-STK"},{"$i":"icc-inputbox-subtitle","$v":["I-SIM ",{"t":"idOrVar","v":"id"}]},{"$i":"emergency-callback-mode","$v":"Imodi yokufonelwa esimweni esiphuthumayo"},{"$i":"emergency-callback-message","$v":"Awukwazi ukufona, uthumele imiyalezo noma ungene ku-inthanethi ngenxa yokuthi uvule ukufonelwa kwesimo esiphuthumayo. Ungathanda ukuyivala?"},{"$i":"cdma-record-info","$v":"Imininingwane yerokhodi le-CDMA"},{"$i":"download_started","$v":"Ukudawuniloda kuqalile"},{"$i":"download_stopped","$v":"Ukudawuniloda kumiswe"},{"$i":"download_downloading","$v":[{"t":"idOrVar","v":"percentage"},"%"]},{"$i":"download_succeeded","$v":"Ukudawuniloda kuphelile"},{"$i":"download_failed","$v":"Ukudawuniloda akuphumelelanga"},{"$i":"update_succeeded","$v":"Isibuyekezo siqedile"},{"$i":"download_text_by_default","$v":[{"t":"idOrVar","v":"name"}]},{"$i":"phone-storage-full-title","$v":"Istoreji Sefoni Sigcwele"},{"$i":"phone-storage-full-warning","$v":"Ayikwazi ukulanda ifayela. Sula amafayela emidiya noma idatha yohlelo ukuze ukhulule isikhala. Futhi ungafaka ikhadi le-SD ukukhulisa isitoreji semidiya."},{"$i":"sdcard-storage-full-title","$v":"I-SD Khadi Ligcwele"},{"$i":"sdcard-storage-full-warning","$v":"Ayikwazi ukulanda ifayela. Sula amafayela ekhadini le-SD ukuze ukhulule isikhala."},{"$i":"opt-settings","$v":"Amasethingi"},{"$i":"search-the-web","$v":"Cinga iwebhu"},{"$i":"search-or-enter-address","$v":"Funa noma ufake ikheli","placeholder":"Funa noma ufake ikheli"},{"$i":"search-or-enter-url","$v":"Funa noma ufake i-URL","placeholder":"Funa noma ufake i-URL"},{"$i":"back-button","ariaLabel":"Emuva"},{"$i":"forward-button","ariaLabel":"Phambili"},{"$i":"reload-button","ariaLabel":"Lowuda kabusha"},{"$i":"stop-button","ariaLabel":"Yima"},{"$i":"windows-button","ariaLabel":"Bonisa amawindi"},{"$i":"noHotspotWhenAPMisOnWifiHotspot","$v":"Vala imodi yendiza ukuze usebenzise i-Wi-Fi hotspot."},{"$i":"apmActivated","$v":"Imodi yendiza ivuliwe"},{"$i":"save-image","$v":"Londoloza Isithombe"},{"$i":"save-video","$v":"Londoloza Ividiyo"},{"$i":"save-audio","$v":"Londoloza Okulalelwayo"},{"$i":"share-image","$v":"Yabelana Izithombe"},{"$i":"share-video","$v":"Yabelana Ngevidiyo"},{"$i":"share-audio","$v":"Yabelana izinto ezilalelwayo"},{"$i":"kai-cancelButtonId","$v":"Khansela"},{"$i":"kai-not-send","$v":"Ungathumeli"},{"$i":"kai-send-report","$v":"Thumela umbiko"},{"$i":"refresh","$v":"Qala kabusha"},{"$i":"goBack","$v":"Buyela emuva"},{"$i":"goForward","$v":"Iya phambili"},{"$i":"goToTopSites","$v":"Iya Kumasayithi Aphezulu"},{"$i":"pinToTopSites","$v":"Iya Kumasayithi Aphezulu"},{"$i":"pinToAllApps","$v":"Phina kuzo zonke izinhlelo"},{"$i":"pinToAppsMenu","$v":"Kina kumenyu yezinhlelo"},{"$i":"viewMessages","$v":"Bheka Imiyalezo"},{"$i":"downloadImage","$v":"Dawuniloda isithombe"},{"$i":"quit","$v":"Yeka"},{"$i":"minimizeBrowser","$v":"Nciphisa isiphequluli"},{"$i":"pinSiteCompletely","$v":"Le webhusayithi ichonywe Emasayithini Aphezulu."},{"$i":"siteWasPinnedBefore","$v":"Le webhusayithi ichonywe Emasayithini Aphezulu."},{"$i":"pinnedSitesOverLimit","$v":"Usufinyelele ekugcineni kwenani lamawebhusayithi ongawafaka."},{"$i":"pressBackAgainToQuitBrowser","$v":"Phinde uchofoze EMUVA ukuze uphume ku-inthanethi."},{"$i":"pressBackAgainToMinimizeBrowser","$v":"Cindezela okuthi EMUVA futhi ukuze unciphise isiphequluli."},{"$i":"pinSiteToAllAppsCompletely","$v":"Le webhusayithi iphinwe kuzo zonke izinhlelo."},{"$i":"pinSiteToAppsMenuCompletely","$v":"Le webhusayithi iphinwe kumenyu yezinhlelo."},{"$i":"siteWasPinnedToAllAppsBefore","$v":"Le webhusayithi iphinwe kuzo zonke izinhlelo ngaphambilini."},{"$i":"siteWasPinnedToAppsMenuBefore","$v":"Le webhusayithi iphinwe kumenyu yezinhlelo ngaphambilini."},{"$i":"ext-bluetooth-req","$v":"Isicelo Sokubhangqa"},{"$i":"ext-unknown","$v":"OKUNGAZIWA"},{"$i":"ext-new-message","$v":"Umyalezo Omusha"},{"$i":"ext-new-mail","$v":"I-Imeyili Entsha"},{"$i":"ext-calendar-event","$v":"Isenzakalo Sekhalenda"},{"$i":"ext-new-notification","$v":"Izaziso Ezintsha"},{"$i":"incoming","$v":"Olungenayo"},{"$i":"ext-volume-notification","$v":"Amaringithoni nezaziso"},{"$i":"ext-volume-content","$v":"Imidiya"},{"$i":"ext-volume-alarm","$v":"I-alamu"},{"$i":"ext-new-cmas","$v":"Okuphuthumayo"},{"$i":"phone-storage-full-body","$v":"Ukurekhoda ikholi kumisiwe. Sula amafayela emidiya noma idatha yohlelo ukuze ukhulule isikhala."},{"$i":"sd-card-full-title","$v":"I-SD Khadi Ligcwele"},{"$i":"sd-card-full-body","$v":"Ukurekhoda ikholi kumisiwe Sula amafayela ekhadini le-SD ukuze ukhulule isikhala."},{"$i":"supl-notification-title","$v":"Isicelo Sendawo"},{"$i":"supl-notification-message","$v":"Indawo okuyo ithunyelwa kumhlinzeki."},{"$i":"supl-verification-title","$v":"Isicelo Sendawo"},{"$i":"supl-verification-message","$v":"Umhlinzeki ucela indawo yakho. Ingabe ufuna ukumnika imininingwane yendawo okuyo?"},{"$i":"supl-verification-message-for-notification","$v":"Chofoza lapha ukuze uqinisekise"},{"$i":"supl-verification-confirm","$v":"Yebo"},{"$i":"supl-verification-cancel","$v":"Cha"},{"$i":"supl-more-message","$v":["Umyalezo: ",{"t":"idOrVar","v":"id"}," (",{"t":"idOrVar","v":"message"},")"]},{"$i":"confirmPbapMsg","$v":[{"t":"idOrVar","v":"deviceId"}," ingathanda ukufinyelela oxhuma nabo nomlando wekholi. Ufuna ukwamukela?"]},{"$i":"confirmTitle","$v":"Isicelo Se-Bluetooth"},{"$i":"initialValue","$v":"Faka ukhiywe weseshini"},{"$i":"confirmMapMsg","$v":[{"t":"idOrVar","v":"deviceId"}," ingathanda ukufinyelela imilayezo yakho. Ufuna ukwamukela?"]},{"$i":"wifiCallErrorMsg","$v":["Iphutha lekholi ye-Wifi: ",{"t":"idOrVar","v":"error"}]},{"$i":"wifiCallMissEccTitle","$v":[{"t":"idOrVar","v":"operator"}," WiFi Calling"]},{"$i":"wifiCallMissEccMsg","$v":"Emergency calls in areas with cellular coverage only"},{"$i":"battery-full-title","$v":"Ibhethri ligcwele"},{"$i":"battery-full-body","$v":"Ibhetri ligcwele."},{"$i":"sim-config-title","$v":"Ukulungisa"},{"$i":"sim-config-content-init","$v":["Cindezela okuthi QALISA ukuze ulungisele ifoni yakho i-",{"t":"idOrVar","v":"carrier"},"."]},{"$i":"sim-config-content-change","$v":["Ingabe ufuna ukulungisela ifoni yakho i-",{"t":"idOrVar","v":"carrier"},"?"]},{"$i":"sim-config-content-line1","$v":"Kuhle!"},{"$i":"sim-config-content-restart","$v":"Qalisa kabusha ifoni yakho ukuze ufake izinguquko."},{"$i":"sim-config-content-finish","$v":"Cindezela okuthi KULUNGILE ukuze uqede."},{"$i":"sim-config-content-failed","$v":["Ayikwazi ukuthola iphrofayela ye-",{"t":"idOrVar","v":"carrier"},"."]},{"$i":"sim-config-button-restart","$v":"Qala kabusha"},{"$i":"sim-config-button-begin","$v":"Qala"},{"$i":"open-wifi-available","$v":"Amanethiwekhi e-Wi-Fi evuliwe ayatholakala"},{"$i":"wifi-available","$v":"Amanethiwekhi e-Wi-Fi evuliwe ayatholakala"},{"$i":"wifi-no-internet-title","$v":"I-Wi-Fi ayinakho ukufinyelela kwe-inthanethi"},{"$i":"wifi-no-internet-body","$v":"Izinketho zezinketho"},{"$i":"wifi-no-internet-header","$v":"Amanethiwekhi e-Wi-Fi"},{"$i":"wifi-no-internet-content","$v":[{"t":"idOrVar","v":"name"}," ayinakho ukufinyelela kwe-inthanethi, hlala uxhumekile?"]},{"$i":"ellipses_char","$v":"…"},{"$i":"fota-title-attention","$v":"Qaphela"},{"$i":"fota-upgrade-success","$v":["Kuphumelele ukuthuthukiswa kweziqondiso zomshini, manje idivayisi yakho isinguhlelo  ",{"t":"idOrVar","v":"target"},"."]},{"$i":"fota-upgrade-failed","$v":"Ukuthuthukisa kuhlulekile, kubuyiselwe uhlelo oludlule."},{"$i":"fota-title-software-update","$v":"Ukuthuthukiswa Kwesofthiwe"},{"$i":"fota-message-software-update-available","$v":"Isibuyekezo siyatholakala."},{"$i":"fota-message-software-download-failed","$v":"Ukudawuniloda kuhlulekile."},{"$i":"fota-message-software-download-complete","$v":"Ukulanda kuqedile."},{"$i":"network-issue-title","$v":"Iphutha lenethiwekhi"},{"$i":"network-issue-detail","$v":"Sicela uhlole uxhumo lwakho."},{"$i":"device-issue-title","$v":"Iphutha lokufaka"},{"$i":"device-issue-detail","$v":"Kuvele iphutha elingaziwa."},{"$i":"device-issue-update-title","$v":"Iphutha lokubuyekeza"},{"$i":"install-generic-error","$v":"Ukudawuniloda kumiswe."},{"$i":"account-authenticator-invaild-grant-notice-title","$v":"Iphutha le-akhawunti"},{"$i":"account-authenticator-invaild-grant-notice-text","$v":"Ngena futhi"},{"$i":"account-authenticator-no-network-error","$v":"Alukho uxhumo lwe-inthanethi."},{"$i":"account-authenticator-access-denied-error","$v":"Kuvele iphutha elingaziwa."},{"$i":"qtn_els_alert_high_vol","$v":"Isexwayiso sevolomu ephezulu"},{"$i":"qtn_els_alert_in_call","$v":"Kwikholi"},{"$i":"GetEmptyUssdPrompt","$v":"Kutholakale impendulo engasizi."},{"$i":"message-sent","$v":"Umlayezo uthunyelwe."},{"$i":"send","$v":"Thumela"},{"$i":"confirmation","$v":"Ukuqinisekisa"},{"$i":"kaistore-notice-title","$v":"KaiStore"},{"$i":"kaistore-notice-content","$v":"See what’s in store."},{"$i":"feedback-dialogview-header","$v":"Impendulo"},{"$i":"feedback-dialogview-message","$v":"Umbono wakho ubaluleke kakhulu ku-HMD Global, ngakho-ke sicela usitshele ukuthi ucabanga ini ngefoni yakho entsha. Uma ungathanda ukubamba iqhaza kulolu hlolo emuva kwesikhathi, ungaluthola kusuka kuzilungiselelo."},{"$i":"dataConnection-off","$v":"Vala Idatha Yesesula?"},{"$i":"dataConnection-off-content","$v":"Angeke ukwazi ukusebenzisa noma imaphi ama-app noma amasevisi adinga ukuxhumana kwedatha ngaphandle kwalapho usebenzisa i-Wi-Fi."},{"$i":"turn-off-location","$v":"Vala isevisi Yendawo?"},{"$i":"turn-off-location-content","$v":"Isevisi yendawo okuyo angeke itholakale uma uvala le sevisi. Nokho idatha yesesula isengakwazi ukukhokheliswa uma ugcina lokhu kuvuliwe."},{"$i":"firefox-accounts-title","$v":"Ama-akhawunti E-KaiOS"},{"$i":"firefox-accounts-title-sign-in","$v":"Bhalisa"},{"$i":"firefox-accounts-title-create-account","$v":"Vula i-akhawunti"},{"$i":"kaios-accounts-title-about-kaios-account","$v":"Mayelana Ne-akhawunti Ye-KaiOS"},{"$i":"kaios-accounts-phone-verification","$v":"Ukuqinisekisa Ifoni"},{"$i":"kaios-accounts-title-account-info","$v":"Ulwazi lwe-akhawunti"},{"$i":"fxa-next","$v":"Okulandelayo"},{"$i":"fxa-back","$v":"Emuva"},{"$i":"fxa-done","$v":"Kwenziwe"},{"$i":"fxa-ok","$v":"KULUNGILE"},{"$i":"kai-verification-mail-has-been-sent","$v":"I-link eqinisekisayo ithunyelwe ku"},{"$i":"fxa-decline","$v":"Nqaba"},{"$i":"fxa-accept","$v":"Yamukela"},{"$i":"fxa-sining-in","$v":"Ukungena..."},{"$i":"not-now","$v":"Hhayi Manje"},{"$i":"send-sms","$v":"Thumela I-SMS"},{"$i":"resend-sms","$v":"Phinde Uthumele I-SMS"},{"$i":"fxa-connection-error-title","$v":"Ayikwazi ukuxhumeka"},{"$i":"fxa-connection-error-message","$v":"Ungenza i-akhawunti noma ubhalise kumaSethingi."},{"$i":"fxa-reset-password-error-title","$v":"Setha Kabusha Iphasiwedi"},{"$i":"fxa-reset-password-error-message","$v":"Ungayenza kabusha iphasiwedi yakho kumaSethingi."},{"$i":"fxa-incorrect-email-address-or-password","$v":"fxa i-imeyili engalungile noma iphasiwedi"},{"$i":"fxa-internet-connection-is-required","$v":"fxa kudingeka i-inthanethi"},{"$i":"fxa-server-error","$v":"Iphutha leseva, sicela uzame futhi ngemva kwesikhathi"},{"$i":"fxa-server-error-2","$v":"Iphutha"},{"$i":"fxa-server-error-message","$v":"Ayikwazi ukudala i-akhawunti. Sicela uzame futhi kamuva."},{"$i":"fxa-server-error-message-2","$v":"Iseva ayitholakali. Sicela uzame futhi kamuva."},{"$i":"fxa-offline-error-title","$v":"Ayikwazi ukuxhumeka"},{"$i":"fxa-offline-error-message","$v":"Sicela uxhume inethiwekhi kumaSethingi."},{"$i":"fxa-offline-error-message-1","$v":"Alukho uxhumo lwe-inthanethi."},{"$i":"fxa-invalid-email-title","$v":"Iphutha"},{"$i":"fxa-invalid-email-message","$v":"Sicela ufake i-imayili esebenzayo."},{"$i":"fxa-invalid-password-title","$v":"Iphutha"},{"$i":"fxa-invalid-password-message","$v":"Ikheli le-imeyili eliyiphutha noma iphasiwedi"},{"$i":"fxa-invalid-password-message-1","$v":"Iphasiwedi ayilungile."},{"$i":"fxa-unknown-error-title","$v":"Ayikwazi Ukuxhumeka"},{"$i":"fxa-unknown-error-message","$v":"Isistimu ayitholakali, phinde uzame maduze."},{"$i":"fxa-email-is-taken-title","$v":"Iphutha"},{"$i":"fxa-email-is-taken-message","$v":"Isikhona kakade i-akhawunti yale-imeyili. Sicela ungene ku-akhawunti yakho."},{"$i":"fxa-confirm-age-title","$v":"Iphutha"},{"$i":"fxa-confirm-age-message","$v":"Sicela uqinisekise ukuthi uneminyaka engaphezu kuka-13 ubudala"},{"$i":"fxa-account-does-not-exist","$v":"Iphutha"},{"$i":"fxa-account-does-not-exist-message","$v":"Ikheli le-imeyili eliyiphutha noma iphasiwedi"},{"$i":"fxa-account-does-not-exist-message-1","$v":"I-akhawunti ayikho."},{"$i":"fxa-password-dont-match","$v":"Iphutha"},{"$i":"fxa-password-dont-match-message","$v":"Amaphasiwedi awafani."},{"$i":"fxa-password-less","$v":"Iphutha"},{"$i":"fxa-password-less-message","$v":"Iphasiwedi ingaphansi kwezinhlamvu ezingu-8."},{"$i":"fxa-password-less-message-1","$v":"Iphasiwedi ingaphansi kwezinhlamvu ezingu-8."},{"$i":"fxa-password-more","$v":"Iphutha"},{"$i":"fxa-password-more-message","$v":"Iphasiwedi ingaphezu kwezinhlamvu ezingu-20."},{"$i":"fxa-password-more-message-1","$v":"Iphasiwedi ingaphezu kwezinhlamvu ezingu-20."},{"$i":"fxa-password-error","$v":"Iphutha"},{"$i":"fxa-password-error-message","$v":"Iphasiwedi kumelwe ibe phakathi kwezinhlamvu ezingu-8 kuya ku-20 kube nengxube yamagama nezinombolo."},{"$i":"fxa-connecting","$v":"Iyaxhuma"},{"$i":"fxa-enter-phone-number-message","$v":"Sicela ufake inombolo yakho yefoni. I-SMS izothunyelwa bese kuqala ukuqinisekisa okuzenzakalelayo."},{"$i":"fxa-sms-has-been-sent-message","$v":"I-SMS ithunyelwe, lapho uyithola kuzobe sekuqala ukuqinisekisa okuzenzakalelayo. Hlala phansi uthokoze!"},{"$i":"fxa-time-remaining","$v":"Isikhathi esisele:"},{"$i":"fxa-sms-verification-failed-message","$v":"Ukuqinisekisa nge-SMS kuhlulekile. Sicela uqinisekise ifoni yakho bese uchofoza okuthi \"Phinde Uthumele I-SMS” ukuze uzame futhi."},{"$i":"fxa-phone-number-label","$v":"Inombolo yocingo"},{"$i":"fxa-enter-your-infomation","$v":"Sicela ufake ulwazi lwakho."},{"$i":"fxa-birthday-label","$v":"Usuku lokuzalwa"},{"$i":"fxa-birthday-select","$v":"Khetha"},{"$i":"fxa-gender-label","$v":"Ubulili"},{"$i":"fxa-gender-select","$v":"Khetha"},{"$i":"fxa-gender-male","$v":"Owesilisa"},{"$i":"fxa-gender-female","$v":"Owesifazane"},{"$i":"fxa-gender-confidential","$v":"Kuyimfihlo"},{"$i":"fxa-enter-email-input","placeholder":"Faka i-imeyili yakho"},{"$i":"fxa-use-email-to-sign-in","$v":"Sicela ufake i-imeyili yakho. I-imeyili yakho izoba igama le-akhawunti yakho."},{"$i":"fxa-notice","$v":["Ngokuqhubeka, Ngiyavuma kulokhu ",{"t":"idOrVar","v":"tos"}," nalokhu ",{"t":"idOrVar","v":"pn"}," kwenkonzo yamafu ye-KaiOS."]},{"$i":"fxa-placeholder","$v":"I-imeyili yakho lapha"},{"$i":"fxa-tos","$v":"Nemigomo yethu Yesevisi"},{"$i":"fxa-pn","$v":"Ezobumfihlo"},{"$i":"fxa-create-account-title","$v":"Vula I-akhawunti"},{"$i":"fxa-show-age-title","$v":"Ngineminyaka engaphezu kuka-13 ubudala"},{"$i":"fxa-enter-password-title","$v":"Sicela ufake iphasiwedi yakho. Iphasiwedi yakho kudingeka ibe nezinhlamvu ezingu 8 kuya ku-20 futhi kumelwe zibe namagama nezinombolo."},{"$i":"fxa-enter-password-title-1","$v":"Sicela ufake iphasiwedi. Iphasiwedi yakho idinga okungenani ukuba nezinhlamvu ezingu-8 - 20 futhi kufanele iqukathe kokubili izinhlamvu nezinombolo."},{"$i":"fxa-setup-password-title","$v":"Setha Iphasiwedi"},{"$i":"fxa-create-password-title","$v":"Yenza Iphasiwedi"},{"$i":"fxa-hello-user","$v":["Sawubona, ",{"t":"idOrVar","v":"email"}]},{"$i":"fxa-password-refresh","$v":"Sicela ufake iphasiwesi ye-akhawunti yakho ye-KaiOS ukuze uqhubeke."},{"$i":"fxa-password","$v":"Iphasiwedi","placeholder":"Iphasiwedi"},{"$i":"fxa-forgot-your-password","$v":"Ukhohlwe Iphasiwedi Yakho?"},{"$i":"fxa-show-password","$v":"Bonisa iphasiwedi"},{"$i":"fxa-password-length-requirement","$v":"Iphasiwedi kumele okungenani ibe nezinhlamvu ezingu-8."},{"$i":"fxa-confirm-account","$v":"Qinisekisa I-Akhawunti Yakho"},{"$i":"fxa-will-send-email","$v":"I-akhawunti yakho ivuliwe."},{"$i":"fxa-signup-click-verification-link-in-email","$v":["Sithumele imeyili eqinisekisayo ku ",{"t":"idOrVar","v":"email"},". Sicela uhlole ibhokisi lakho lemiyalezo engenayo bese uvula i-akhawunti yakho."]},{"$i":"fxa-access-manage-account-settings","$v":"I-link yokuvula izophela ngemva kwamahora angu-24."},{"$i":"fxa-signup-success-title","$v":"I-akhawunti Ivuliwe"},{"$i":"about-kaios-account-text","$v":"Lorem ipsum dolor sit amet, con-sectetur adipiscing elit, sed do eiusmod tempor incididunt ut labore et dolore magna aliqua. Ut enim ad minim veniam, quis nos-trud exercitation ullamco laboris nisi ut aliquip ex ea commodo consequat. Duis aute irure dolor in reprehenderit in voluptate velit esse cillum dolore eu fugiat nulla pariatur. Excepteur sint occaecat cupidatat non proident, sunt in culpa qui officia deserunt mollit anim id est laborum."},{"$i":"about-kaios-account-text1","$v":"I-akhawunti ye-KaiOS kunikeza ukuqinisekisa ngezinkonzo ze-KaiOS. Le akhawunti ibona umsebenzisi kanye nedivayisi bese ivumela ukuba akwazi ukusebenzisa izinto ezinjengokulawula idivayisi ungekho kuwe kanye nezinye izinkonzo."},{"$i":"about-kaios-account-text2","$v":"Ukuvula i-akhawunti kudinga ikheli le-imeyili kanye nephasiwedi. Umsebenzisi kumelwe aqinisekise ikheli le-imeyili ngokulandela i-link ethunyelwa lapho kuvulwa i-akhawunti. I-akhawunti ngeke isebenze kuze kube yilapho le-imeyili iqinisekiswa."},{"$i":"about-kaios-account-text3","$v":"Ngokuvula le akhawunti, uvumelana nemibandela nemithetho yobumfihlo."},{"$i":"fxa-signin-email","$v":"Igama Le-akhawunti"},{"$i":"fxa-signin-password","$v":"Iphasiwedi"},{"$i":"fxa-signin-success-title","$v":"I-akhawunti Yakho"},{"$i":"fxa-signin-lsk","$v":"Ukhohlwe Iphasiwedi"},{"$i":"fxa-signin-rsk","$v":"Bhalisa"},{"$i":"fxa-change-password-title","$v":"Shintsha iphasiwedi"},{"$i":"fxa-change-password-description","$v":"Faka iphasiwedi yakho yamanje bese usethe iphasiwedi entsha."},{"$i":"fxa-new-password","$v":"Iphasiwedi entsha"},{"$i":"fxa-changing-password","$v":"Ishintsha iphaiwedi.."},{"$i":"fxa-forgot-password-title","$v":"Ukhohlwe Iphasiwedi"},{"$i":"fxa-forgot-password","$v":"ukhohlwe iphasiwedi"},{"$i":"fxa-forgot-password-sk","$v":"Ukhohlwe i-PWD"},{"$i":"fxa-forgot-password-success-title","$v":"Imeyili Enephasiwedi Yokusetha Kabusha Ithunyelwe"},{"$i":"fxa-reset-password-succcess-content","$v":"I-imeyili esetha kabusha iphasiwedi yakho ithunyelwe kwi-akhawunti yakho ye-imeyili."},{"$i":"fxa-reset-password-succcess-content-part2","$v":"Sicela uhlole ibhokisi lemiyalezo engenayo bese usetha kabusha iphasiwedi yakho."},{"$i":"fxa-sign-out-title","$v":"Into evimbela ubugebengu iyasebenza"},{"$i":"fxa-sign-out-intro","$v":"Sicela uqinisekise ukuthi ungathanda ukuvala into evimbela ubugebengu bese uyaphuma."},{"$i":"fxa-sign-out-intro-1","$v":"sicela uqinisekise ukuthi ungathanda ukuvala okugada ubugebengu futhi uphume."},{"$i":"fxa-signout-email","$v":"I-akhawunti Yakho"},{"$i":"fxa-confirm-password","$v":"Qinisekisa Iphasiwedi"},{"$i":"fxa-signing-out","$v":"Phuma..."},{"$i":"fxa-sign-out-error-title","$v":"Iphutha"},{"$i":"fxa-sign-out-error-message","$v":"Ukuphuma kwi-akhawunti akuphumelelanga sicela uzame futhi ngemva kwesikhathi"},{"$i":"fxa-sign-out-error-message-1","$v":"Ukuphuma kwe-akhawunti akuphumelele, sicela uzame futhi kamuva"},{"$i":"fxa-connection-is-required-title","$v":"Iphutha"},{"$i":"fxa-connection-is-required-message","$v":"Kudingeka i-inthanethi"},{"$i":"fxa-check-password-title","$v":"Vala Okuvimbela Ubugebengu"},{"$i":"fxa-disable-antitheft-checkpassword-message","$v":"Sicela uqinisekise ukuthi ungathanda ukuvala into evimbela ubugebengu."},{"$i":"fxa-reset-factory-checkpassword-message","$v":"Ukuze uqale kabusha idivayisi yakho, kudingeka ufake iphasiwedi bese uvala into elwa nobugebengu."},{"$i":"fxa-reset-factory-checkpassword-message-1","$v":"Ukuze usethe kabusha idivayisi yakho, udinga ukufaka iphasiwedi yakho futhi ukhubaze okugada ubugebengu."},{"$i":"fxa-enter-email-to-reset-password","$v":"Sicela ufake i-imeyili yakho ye-akhawunti, sizokuthumela isixhumanisi sokusetha kabusha iphasiwedi."},{"$i":"fxa-enter-email-to-reset-password-1","$v":"Sicela ufake i-imeyili yakho ye-akhawunti, sizokuthumela isixhumanisi sokusetha kabusha iphasiwedi."},{"$i":"fxa-account-not-found","$v":"I-akhawunti ayitholakali. Sicela uzame kabusha."},{"$i":"fxa-multiple-sign-in-attempts-title","$v":"Uzame Kaningana Ukungena"},{"$i":"fxa-multiple-sign-in-attempts-content","$v":"Ufake iphasiwedi eyiphutha izikhathi eziningana"},{"$i":"fxa-multiple-sign-in-attempts-content-1","$v":"Ifake iphasiwedi engalungile izikhathi eziningi."},{"$i":"fxa-multiple-sign-in-attempts-content-retry","$v":"Sicela uzame futhi ngemva kwesikhathi"},{"$i":"shortDateFormat","$v":"%B %d, %Y"},{"$i":"network-error-in-app","$v":"Akungeneki ku-inthanethi njengamanje."},{"$i":"network-error-launching","$v":[{"t":"idOrVar","v":"name"}," idinga ukungena ku-Inthanethi."]},{"$i":"network-error-launching-title","$v":"Ayikho i-inthanethi"},{"$i":"network-error-launching-message","$v":"Sebenzisa i-Wi-Fi noma idatha yefoni ukuze ungene ku-inthanethi."},{"$i":"server-not-found","$v":"Iseva ayitholakali"},{"$i":"server-not-found-error","$v":["Iseva ayitholakali ku ",{"t":"idOrVar","v":"name"},"."]},{"$i":"file-not-found","$v":"Ifayela alitholakali"},{"$i":"file-not-found-error","$v":"Idivayisi ayikwazi ukuveza ikhasi ngoba ifayela alitholakali."},{"$i":"connection-failed","$v":"Ayikwazi ukuxhuma"},{"$i":"connection-failed-error","$v":"Kuvele iphutha lenethiwekhi ngesikhathi izama ukufinyelela isayithi."},{"$i":"invalid-connection","$v":"Ayikwazi ukuxhuma"},{"$i":"invalid-connection-error","$v":"Kuvele iphutha lenethiwekhi ngesikhathi izama ukufinyelela isayithi."},{"$i":"malformed-uri","$v":"I-URL ayilungile."},{"$i":"malformed-uri-error","$v":"I-URL efakiwe ayilungile futhi ngeke ilowudwe."},{"$i":"redirect-loop","$v":"Ayikwazi ukuveza ikhasi"},{"$i":"redirect-loop-error","$v":"Idivayisi ayikwazi ukuveza leli khasi ngoba ikhasi alihambi kahle. Zama futhi ngemva kwesikhathi."},{"$i":"not-cached","$v":"Ikhasi liphelelwe yisikhathi"},{"$i":"not-cached-error","$v":"Isixwayiso sokuphepha, leli khasi alikwazi ukuvezwa yile divayisi ngoba liphelelwe yisikhathi."},{"$i":"is-printing","$v":"Kunqatshelwe ukungena"},{"$i":"is-printing-error","$v":"Idokhumenti ayikwazi ukushintsha ngesikhathi Inyatheliswa noma Ibhekwa ukuze inyatheliswe"},{"$i":"denied-port-access","$v":"Ikheli livinjiwe"},{"$i":"denied-port-access-error","$v":"Leli kheli lisebenzisa i-port yenethiwekhi ngokuvamile esetshenziselwa ezinye izinto ezingahlobene nokungena ku-inthanethi. Idivayisi iye yakhansela isicelo ukuze kuvikelwe wena."},{"$i":"proxy-resolve-failure","$v":"Iphutha Le-proxy Kuseva"},{"$i":"proxy-resolve-failure-error","$v":"Le divayisi ihlelwe ukuba isebenzise i-proxy yeseva engatholakali."},{"$i":"proxy-connect-failure","$v":"Iphutha Le-proxy Kuseva"},{"$i":"proxy-connect-failure-error","$v":"Le divayisi ihlelwe ukuba isebenzise i-proxy yeseva eyenqaba ukuxhuma."},{"$i":"content-encoding","$v":"Ayikwazi ukuveza ikhasi"},{"$i":"content-encoding-error","$v":"Idivayisi ayikwazi ukuveza ikhasi ngoba kuvele iphutha lekhodi kulokho okuqukethwe."},{"$i":"remote-xul","$v":"Ikhasi alisekelwa"},{"$i":"remote-xul-error","$v":"Leli khasi alikwazi ukuvezwa ngoba lisebenzisa ubuchwepheshe obungasekelwa yile divayisi."},{"$i":"phishing-blocked","$v":"Isixwayiso"},{"$i":"phishing-blocked-error","$v":"Le webhusayithi ibikwa njengeyomgunyathi eklanyelwe ukukhohlisa abantu ukuba bakhiphe imininingwane yabo noma eyezimali zabo."},{"$i":"malware-blocked","$v":"Kuvalwe igciwane ebelihlasela"},{"$i":"malware-blocked-error","$v":"Isayithi ibikwa njengesayithi yokuhlasela. Idivayisi iye yavimba isicelo ukuze ivikele wena."},{"$i":"unsafe-content-type","$v":"Iqukethe izinto eziyingozi"},{"$i":"unsafe-content-type-error","$v":"Ikhasi alikwazi ukuboniswa ngoba kungase kube yingozi ukulivula"},{"$i":"corrupted-content","$v":"Ayikwazi ukuxhuma"},{"$i":"corrupted-content-error","$v":"Ikhasi alikwazi ukuboniswa ngoba kutholakale iphutha ekuthumelekeni kwedatha."},{"$i":"unknown-protocol-found","$v":"Ikhasi alisekelwa"},{"$i":"unknown-protocol-found-error","$v":"Leli khasi alikwazi ukuvezwa ngoba lisebenzisa ubuchwepheshe obungasekelwa yile divayisi."},{"$i":"try-again","$v":"Zama futhi"},{"$i":"check-settings","$v":"Hlola amasethingi"},{"$i":"brandShortName","$v":"KaiOS"},{"$i":"browserBrandShortName","$v":"Web Browser"},{"$i":"browserBrandFullName","$v":"Mozilla Web Browser"},{"$i":"ringtoneBrandName","$v":"Default"},{"$i":"ringtoneSectionBrandName","$v":"System"},{"$i":"accessibility-enableScreenReaderSteps","$v":"Ukuze uveze ithuluzi lokufunda esikrinini, chofoza inkinobho yokukhuphula umsindo bese uchofoza kathathu inkinobho yokwehlisa umsindo"},{"$i":"accessibility-disableScreenReaderSteps","$v":"Ukuze ususe ithuluzi lokufunda esikrinini, chofoza inkinobho yokukhuphula umsindo bese uchofoza kathathu inkinobho yokwehlisa umsindo"},{"$i":"accessibility-screenReaderStarted","$v":"Ithuluzi lokufunda esikrinini livuliwe"},{"$i":"accessibility-screenReaderStopped","$v":"Ithuluzi lokufunda esikrinini livaliwe"},{"$i":"accessibility-menubar","$v":"ibha yemenyu"},{"$i":"accessibility-scrollbar","$v":"ukupheqa"},{"$i":"accessibility-grip","$v":"bambelela ngokuqinile"},{"$i":"accessibility-alert","$v":"isixwayiso"},{"$i":"accessibility-menupopup","$v":"imenyu evelayo"},{"$i":"accessibility-document","$v":"idokhumenti"},{"$i":"accessibility-pane","$v":"ucezu"},{"$i":"accessibility-dialog","$v":"ingxoxo"},{"$i":"accessibility-separator","$v":"isihlukanisi"},{"$i":"accessibility-toolbar","$v":"Ibha yamathuluzi"},{"$i":"accessibility-statusbar","$v":"ibha yesimo"},{"$i":"accessibility-table","$v":"itafula"},{"$i":"accessibility-columnheader","$v":"isihloko sekholomu"},{"$i":"accessibility-rowheader","$v":"umugqa osekuqaleni"},{"$i":"accessibility-column","$v":"ikholomu"},{"$i":"accessibility-row","$v":"umugqa"},{"$i":"accessibility-cell","$v":"iseli"},{"$i":"accessibility-link","$v":"isixhumanisi"},{"$i":"accessibility-list","$v":"uhlu"},{"$i":"accessibility-listitem","$v":"uhlu lwezinto"},{"$i":"accessibility-outline","$v":"uhlaka"},{"$i":"accessibility-outlineitem","$v":"Into esohlakeni"},{"$i":"accessibility-pagetab","$v":"ithebhu"},{"$i":"accessibility-propertypage","$v":"ikhasi lomuzi"},{"$i":"accessibility-graphic","$v":"umfanekiso"},{"$i":"accessibility-pushbutton","$v":"inkinobho"},{"$i":"accessibility-checkbutton","$v":"Inkinobho yokuhlola"},{"$i":"accessibility-radiobutton","$v":"izinkinobho zomsakazo"},{"$i":"accessibility-combobox","$v":"ibhokisi lekhombo"},{"$i":"accessibility-progressbar","$v":"inkomba yentuthuko"},{"$i":"accessibility-slider","$v":"isilayidi"},{"$i":"accessibility-spinbutton","$v":"inkinobho yokujikeleza"},{"$i":"accessibility-diagram","$v":"idayagramu"},{"$i":"accessibility-animation","$v":"umdwebo"},{"$i":"accessibility-equation","$v":"ukulinganisa"},{"$i":"accessibility-buttonmenu","$v":"inkinobho yemenyu"},{"$i":"accessibility-whitespace","$v":"Isikhala esimhlophe"},{"$i":"accessibility-pagetablist","$v":"uhlu lwethebhu"},{"$i":"accessibility-canvas","$v":"ikhanvasi"},{"$i":"accessibility-checkmenuitem","$v":"hlola into ekwimenyu"},{"$i":"accessibility-label","$v":"ilebula"},{"$i":"accessibility-passwordtext","$v":"iphasiwedi"},{"$i":"accessibility-radiomenuitem","$v":"into ekwimenyu yomsakazo"},{"$i":"accessibility-textcontainer","$v":"okuqukethe amagama"},{"$i":"accessibility-togglebutton","$v":"Inkinobho yokuguqula"},{"$i":"accessibility-treetable","$v":"Itafula eliyisihlahla"},{"$i":"accessibility-header","$v":"umbhalo osekuqaleni kwekhasi"},{"$i":"accessibility-footer","$v":"umbhalo osekugcineni kwekhasi"},{"$i":"accessibility-paragraph","$v":"isigaba"},{"$i":"accessibility-entry","$v":"ukungena"},{"$i":"accessibility-caption","$v":"Incazelo yesithombe"},{"$i":"accessibility-heading","$v":"isihloko"},{"$i":"accessibility-section","$v":"ingxenye"},{"$i":"accessibility-form","$v":"ifomu"},{"$i":"accessibility-comboboxlist","$v":"uhlu lwebhokisi lekhombo"},{"$i":"accessibility-comboboxoption","$v":"ithuba elivulekile lebhokisi lekhombo"},{"$i":"accessibility-imagemap","$v":"ibalazwe lesithombe"},{"$i":"accessibility-listboxoption","$v":"okhetha kukho"},{"$i":"accessibility-listbox","$v":"uhlu lwebhokisi"},{"$i":"accessibility-flatequation","$v":"isilinganiso"},{"$i":"accessibility-gridcell","$v":"i-gridcell"},{"$i":"accessibility-note","$v":"inothi"},{"$i":"accessibility-figure","$v":"inani"},{"$i":"accessibility-definitionlist","$v":"uhlu lwencazelo"},{"$i":"accessibility-term","$v":"igama"},{"$i":"accessibility-definition","$v":"incazelo"},{"$i":"accessibility-textarea","$v":"indawo yokubhala"},{"$i":"accessibility-textInputType_date","$v":"usuku"},{"$i":"accessibility-textInputType_email","$v":"i-imeyili"},{"$i":"accessibility-textInputType_search","$v":"cinga"},{"$i":"accessibility-textInputType_tel","$v":"ucingo"},{"$i":"accessibility-textInputType_url","$v":"I-URL"},{"$i":"accessibility-headingLevel","$v":["izinga lesihloko ",{"t":"idOrVar","v":"0"}]},{"$i":"accessibility-listStart","$v":"Into yokuqala"},{"$i":"accessibility-listEnd","$v":"Into yokugcina"},{"$i":"accessibility-listItemsCount","$v":{"few":["izinto ezingu ",{"t":"idOrVar","v":"count"}],"many":["izinto ezingu ",{"t":"idOrVar","v":"count"}],"one":["into e ",{"t":"idOrVar","v":"count"}],"other":["izinto ezingu ",{"t":"idOrVar","v":"count"}],"two":["izinto ezingu ",{"t":"idOrVar","v":"count"}],"zero":["izinto ezingu ",{"t":"idOrVar","v":"count"}]},"$x":[{"t":"idOrVar","v":"plural"},"count"]},{"$i":"accessibility-objItemOfN","$v":[{"t":"idOrVar","v":"0"}," kwezingu ",{"t":"idOrVar","v":"1"}]},{"$i":"accessibility-banner","$v":"ibhodi"},{"$i":"accessibility-complementary","$v":"ezihambisana nayo"},{"$i":"accessibility-contentinfo","$v":"imininingwane equkethwe"},{"$i":"accessibility-main","$v":"okuyinhloko"},{"$i":"accessibility-navigation","$v":"ukuzulazula"},{"$i":"accessibility-search","$v":"cinga"},{"$i":"accessibility-tblColumnInfo","$v":{"few":["inamakholomu angu ",{"t":"idOrVar","v":"count"}],"many":["inamakholomu angu ",{"t":"idOrVar","v":"count"}],"one":["inekholomu eli ",{"t":"idOrVar","v":"count"}],"other":["inamakholomu angu ",{"t":"idOrVar","v":"count"}],"two":["inamakholomu angu ",{"t":"idOrVar","v":"count"}],"zero":["inamakholomu angu ",{"t":"idOrVar","v":"count"}]},"$x":[{"t":"idOrVar","v":"plural"},"count"]},{"$i":"accessibility-tblRowInfo","$v":{"few":["kanye nemigqa engu ",{"t":"idOrVar","v":"count"}],"many":["kanye nemigqa engu ",{"t":"idOrVar","v":"count"}],"one":["kanye nomugqa ",{"t":"idOrVar","v":"count"}],"other":["kanye nemigqa engu ",{"t":"idOrVar","v":"count"}],"two":["kanye nemigqa engu ",{"t":"idOrVar","v":"count"}],"zero":["kanye nemigqa engu ",{"t":"idOrVar","v":"count"}]},"$x":[{"t":"idOrVar","v":"plural"},"count"]},{"$i":"accessibility-columnInfo","$v":["Ikholomu ",{"t":"idOrVar","v":"0"}]},{"$i":"accessibility-rowInfo","$v":["Umugqa ",{"t":"idOrVar","v":"0"}]},{"$i":"accessibility-spansColumns","$v":{"few":["ingamakholomu angu ",{"t":"idOrVar","v":"0"}],"many":["ingamakholomu angu ",{"t":"idOrVar","v":"0"}],"one":["iyikholomu eli ",{"t":"idOrVar","v":"0"}],"other":["ingamakholomu angu ",{"t":"idOrVar","v":"0"}],"two":["ingamakholomu angu ",{"t":"idOrVar","v":"0"}],"zero":["ingamakholomu angu ",{"t":"idOrVar","v":"0"}]},"$x":[{"t":"idOrVar","v":"plural"},"0"]},{"$i":"accessibility-spansRows","$v":{"few":["iyimigqa engu ",{"t":"idOrVar","v":"0"}],"many":["iyimigqa engu ",{"t":"idOrVar","v":"0"}],"one":["iwumugqa ",{"t":"idOrVar","v":"0"}],"other":["iyimigqa engu ",{"t":"idOrVar","v":"0"}],"two":["iyimigqa engu ",{"t":"idOrVar","v":"0"}],"zero":["iyimigqa engu ",{"t":"idOrVar","v":"0"}]},"$x":[{"t":"idOrVar","v":"plural"},"0"]},{"$i":"accessibility-jumpAction","$v":"ukugxuma"},{"$i":"accessibility-pressAction","$v":"ukucindezela"},{"$i":"accessibility-checkAction","$v":"ihloliwe"},{"$i":"accessibility-uncheckAction","$v":"ayihloliwe"},{"$i":"accessibility-selectAction","$v":"okukhethiwe"},{"$i":"accessibility-unselectAction","$v":"ayikhethiwe"},{"$i":"accessibility-openAction","$v":"kuvuliwe"},{"$i":"accessibility-closeAction","$v":"ivaliwe"},{"$i":"accessibility-switchAction","$v":"kushintshiwe"},{"$i":"accessibility-clickAction","$v":"ichofoziwe"},{"$i":"accessibility-collapseAction","$v":"yehlisiwe"},{"$i":"accessibility-expandAction","$v":"inwetshiwe"},{"$i":"accessibility-activateAction","$v":"yenziwe yasebenza"},{"$i":"accessibility-cycleAction","$v":"umjikelezo"},{"$i":"accessibility-hidden","$v":"ifihliwe"},{"$i":"accessibility-tabLoading","$v":"iyalowuda"},{"$i":"accessibility-tabLoaded","$v":"ilowudile"},{"$i":"accessibility-tabNew","$v":"ithebhu entsha"},{"$i":"accessibility-tabLoadStopped","$v":"ukulowuda kumile"},{"$i":"accessibility-tabReload","$v":"ilowuda kabusha"},{"$i":"accessibility-stateChecked","$v":"ihloliwe"},{"$i":"accessibility-stateNotChecked","$v":"ayihloliwe"},{"$i":"accessibility-statePressed","$v":"ukucindezela"},{"$i":"accessibility-stateExpanded","$v":"inwetshiwe"},{"$i":"accessibility-stateCollapsed","$v":"yehlisiwe"},{"$i":"accessibility-stateUnavailable","$v":"akutholakali"},{"$i":"accessibility-stateRequired","$v":"iyafuneka"},{"$i":"accessibility-stateTraversed","$v":"ivakashelwe"},{"$i":"accessibility-stateHasPopup","$v":"inokuzivelelayo"},{"$i":"accessibility-stateSelected","$v":"okukhethiwe"},{"$i":"accessibility-editingMode","$v":"ukuhlela"},{"$i":"accessibility-navigationMode","$v":"ukuzulazula"},{"$i":"accessibility-quicknav_Simple","$v":"Okumisiwe"},{"$i":"accessibility-quicknav_Anchor","$v":"Amahange"},{"$i":"accessibility-quicknav_Button","$v":"Izinkinobho"},{"$i":"accessibility-quicknav_Combobox","$v":"Amabhokisi ekhombo"},{"$i":"accessibility-quicknav_Landmark","$v":"ingqopha-mlando"},{"$i":"accessibility-quicknav_Entry","$v":"Ukungena"},{"$i":"accessibility-quicknav_FormElement","$v":"Ama-elementi efomu"},{"$i":"accessibility-quicknav_Graphic","$v":"Izithombe"},{"$i":"accessibility-quicknav_Heading","$v":"Izihloko"},{"$i":"accessibility-quicknav_ListItem","$v":"Uhlu lwezinto"},{"$i":"accessibility-quicknav_Link","$v":"Izixhumanisi"},{"$i":"accessibility-quicknav_List","$v":"Izinhlu"},{"$i":"accessibility-quicknav_PageTab","$v":"Amathebhu amakhasi"},{"$i":"accessibility-quicknav_RadioButton","$v":"Izinkinobho zomsakazo"},{"$i":"accessibility-quicknav_Separator","$v":"Izihlukanisi"},{"$i":"accessibility-quicknav_Table","$v":"Amatafula"},{"$i":"accessibility-quicknav_Checkbox","$v":"Amabhokisi okumaka"},{"$i":"accessibility-menubarAbbr","$v":"ibha yemenyu"},{"$i":"accessibility-scrollbarAbbr","$v":"ukupheqa"},{"$i":"accessibility-gripAbbr","$v":"bambelela ngokuqinile"},{"$i":"accessibility-alertAbbr","$v":"isixwayiso"},{"$i":"accessibility-menupopupAbbr","$v":"imenyu evelayo"},{"$i":"accessibility-documentAbbr","$v":"idokhumenti"},{"$i":"accessibility-paneAbbr","$v":"ucezu"},{"$i":"accessibility-dialogAbbr","$v":"ingxoxo"},{"$i":"accessibility-separatorAbbr","$v":"isihlukanisi"},{"$i":"accessibility-toolbarAbbr","$v":"Ibha yamathuluzi"},{"$i":"accessibility-statusbarAbbr","$v":"ibha yesimo"},{"$i":"accessibility-tableAbbr","$v":"itafula"},{"$i":"accessibility-columnheaderAbbr","$v":"isihloko sekholomu"},{"$i":"accessibility-rowheaderAbbr","$v":"umugqa osekuqaleni"},{"$i":"accessibility-columnAbbr","$v":"ikholomu"},{"$i":"accessibility-rowAbbr","$v":"umugqa"},{"$i":"accessibility-cellAbbr","$v":"iseli"},{"$i":"accessibility-linkAbbr","$v":"isixhumanisi"},{"$i":"accessibility-listAbbr","$v":"uhlu"},{"$i":"accessibility-listitemAbbr","$v":"uhlu lwezinto"},{"$i":"accessibility-outlineAbbr","$v":"uhlaka"},{"$i":"accessibility-outlineitemAbbr","$v":"into esohlakeni"},{"$i":"accessibility-pagetabAbbr","$v":"ithebhu"},{"$i":"accessibility-propertypageAbbr","$v":"ikhasi lomuzi"},{"$i":"accessibility-graphicAbbr","$v":"umfanekiso"},{"$i":"accessibility-pushbuttonAbbr","$v":"inkinobho"},{"$i":"accessibility-checkbuttonAbbr","$v":"Inkinobho yokuhlola"},{"$i":"accessibility-radiobuttonAbbr","$v":"inkinobho yomsakazo"},{"$i":"accessibility-comboboxAbbr","$v":"ibhokisi lekhombo"},{"$i":"accessibility-progressbarAbbr","$v":"inkomba yentuthuko"},{"$i":"accessibility-sliderAbbr","$v":"isilayidi"},{"$i":"accessibility-spinbuttonAbbr","$v":"inkinobho yokujikeleza"},{"$i":"accessibility-diagramAbbr","$v":"idayagramu"},{"$i":"accessibility-animationAbbr","$v":"umdwebo"},{"$i":"accessibility-equationAbbr","$v":"ukulinganisa"},{"$i":"accessibility-buttonmenuAbbr","$v":"inkinobho yemenyu"},{"$i":"accessibility-whitespaceAbbr","$v":"Isikhala esimhlophe"},{"$i":"accessibility-pagetablistAbbr","$v":"uhlu lwethebhu"},{"$i":"accessibility-canvasAbbr","$v":"ikhanvasi"},{"$i":"accessibility-checkmenuitemAbbr","$v":"hlola into ekwimenyu"},{"$i":"accessibility-labelAbbr","$v":"ilebula"},{"$i":"accessibility-passwordtextAbbr","$v":"iphasiwedi"},{"$i":"accessibility-radiomenuitemAbbr","$v":"into ekwimenyu yomsakazo"},{"$i":"accessibility-textcontainerAbbr","$v":"okuqukethe amagama"},{"$i":"accessibility-togglebuttonAbbr","$v":"Inkinobho yokuguqula"},{"$i":"accessibility-treetableAbbr","$v":"Itafula eliyisihlahla"},{"$i":"accessibility-headerAbbr","$v":"umbhalo osekuqaleni kwekhasi"},{"$i":"accessibility-footerAbbr","$v":"umbhalo osekugcineni kwekhasi"},{"$i":"accessibility-paragraphAbbr","$v":"isigaba"},{"$i":"accessibility-entryAbbr","$v":"ukungena"},{"$i":"accessibility-captionAbbr","$v":"Incazelo yesithombe"},{"$i":"accessibility-headingAbbr","$v":"isihloko"},{"$i":"accessibility-sectionAbbr","$v":"ingxenye"},{"$i":"accessibility-formAbbr","$v":"ifomu"},{"$i":"accessibility-comboboxlistAbbr","$v":"uhlu lwebhokisi lekhombo"},{"$i":"accessibility-comboboxoptionAbbr","$v":"ithuba elivulekile lebhokisi lekhombo"},{"$i":"accessibility-imagemapAbbr","$v":"Ibalazwe lesithombe"},{"$i":"accessibility-listboxoptionAbbr","$v":"okhetha kukho"},{"$i":"accessibility-listboxAbbr","$v":"uhlu lwebhokisi"},{"$i":"accessibility-flatequationAbbr","$v":"isilinganiso"},{"$i":"accessibility-gridcellAbbr","$v":"i-gridcell"},{"$i":"accessibility-noteAbbr","$v":"inothi"},{"$i":"accessibility-figureAbbr","$v":"inani"},{"$i":"accessibility-definitionlistAbbr","$v":"uhlu lwencazelo"},{"$i":"accessibility-termAbbr","$v":"igama"},{"$i":"accessibility-definitionAbbr","$v":"incazelo"},{"$i":"accessibility-textareaAbbr","$v":"Indawo yokubhala"},{"$i":"accessibility-tblColumnInfoAbbr","$v":{"few":[{"t":"idOrVar","v":"count"},"c"],"many":[{"t":"idOrVar","v":"count"},"c"],"one":[{"t":"idOrVar","v":"count"},"c"],"other":[{"t":"idOrVar","v":"count"},"c"],"two":[{"t":"idOrVar","v":"count"},"c"]},"$x":[{"t":"idOrVar","v":"plural"},"count"]},{"$i":"accessibility-tblRowInfoAbbr","$v":{"few":[{"t":"idOrVar","v":"count"},"r"],"many":[{"t":"idOrVar","v":"count"},"r"],"one":[{"t":"idOrVar","v":"count"},"r"],"other":[{"t":"idOrVar","v":"count"},"r"],"two":[{"t":"idOrVar","v":"count"},"r"]},"$x":[{"t":"idOrVar","v":"plural"},"count"]},{"$i":"accessibility-cellInfoAbbr","$v":["c",{"t":"idOrVar","v":"0"},"r",{"t":"idOrVar","v":"1"}]},{"$i":"accessibility-stateCheckedAbbr","$v":"(x)"},{"$i":"accessibility-stateUncheckedAbbr","$v":"( )"},{"$i":"accessibility-statePressedAbbr","$v":"(x)"},{"$i":"accessibility-stateUnpressedAbbr","$v":"( )"},{"$i":"accessibility-pushbutton-hint","$v":"Thepha kabili ukuze isebenze"},{"$i":"accessibility-checkbutton-hint","$v":"Thepha kabili ukuze isebenze"},{"$i":"accessibility-combobox-hint","$v":"Thepha kabili ukuze isebenze"},{"$i":"accessibility-key-hint","$v":"Thepha bese uqhubeka ucindezele ukuze ivuleke"},{"$i":"accessibility-link-hint","$v":"Thepha kabili ukuze isebenze"},{"$i":"accessibility-menuitem-hint","$v":"Thepha kabili ukuze isebenze"},{"$i":"accessibility-option-hint","$v":"Thepha kabili ukuze isebenze"},{"$i":"accessibility-radiobutton-hint","$v":"Thepha kabili ukuze isebenze"},{"$i":"accessibility-slider-hint","$v":"Swayipha ukhuphuke ukuze wandise noma uswayiphe wehle ukuze unciphise"},{"$i":"accessibility-spinbutton-hint","$v":"Swayipha ukhuphuke ukuze wandise noma uswayiphe wehle ukuze unciphise"},{"$i":"accessibility-pagetab-hint","$v":"Thepha kabili ukuze isebenze"},{"$i":"accessibility-entry-hint","$v":"Thepha kabili ukuze isebenze"},{"$i":"accessibility-outlineitem-hint","$v":"Thepha kabili ukuze isebenze"},{"$i":"SoftLeft","$v":"Inkinobho ethambile engakwesobunxele"},{"$i":"Enter","$v":"Inkinobho yokuthi KULUNGILE"},{"$i":"SoftRight","$v":"Inkinobho ethambile engakwesokudla"},{"$i":"weekday-0-long","$v":"ISonto"},{"$i":"weekday-1-long","$v":"UMsombuluko"},{"$i":"weekday-2-long","$v":"ULwesibili"},{"$i":"weekday-3-long","$v":"ULwesithathu"},{"$i":"weekday-4-long","$v":"ULwesine"},{"$i":"weekday-5-long","$v":"ULwesihlanu"},{"$i":"weekday-6-long","$v":"UMgqibelo"},{"$i":"weekday-0-short","$v":"Isonto"},{"$i":"weekday-1-short","$v":"Mso"},{"$i":"weekday-2-short","$v":"Lwbl"},{"$i":"weekday-3-short","$v":"Lwth"},{"$i":"weekday-4-short","$v":"Lwesn"},{"$i":"weekday-5-short","$v":"Lwshl"},{"$i":"weekday-6-short","$v":"Mgq"},{"$i":"month-0-long","$v":"Januwari"},{"$i":"month-1-long","$v":"Febhuwari"},{"$i":"month-2-long","$v":"Mashi"},{"$i":"month-3-long","$v":"Ephreli"},{"$i":"month-4-long","$v":"Meyi"},{"$i":"month-5-long","$v":"Juni"},{"$i":"month-6-long","$v":"Julayi"},{"$i":"month-7-long","$v":"Agasti"},{"$i":"month-8-long","$v":"Septhemba"},{"$i":"month-9-long","$v":"Okthoba"},{"$i":"month-10-long","$v":"Novemba"},{"$i":"month-11-long","$v":"Disemba"},{"$i":"month-0-genitive","$v":"Januwari"},{"$i":"month-1-genitive","$v":"Febhuwari"},{"$i":"month-2-genitive","$v":"Mashi"},{"$i":"month-3-genitive","$v":"Ephreli"},{"$i":"month-4-genitive","$v":"Meyi"},{"$i":"month-5-genitive","$v":"Juni"},{"$i":"month-6-genitive","$v":"Julayi"},{"$i":"month-7-genitive","$v":"Agasti"},{"$i":"month-8-genitive","$v":"Septhemba"},{"$i":"month-9-genitive","$v":"Okthoba"},{"$i":"month-10-genitive","$v":"Novemba"},{"$i":"month-11-genitive","$v":"Disemba"},{"$i":"month-0-short","$v":"Jan"},{"$i":"month-1-short","$v":"Feb"},{"$i":"month-2-short","$v":"Mas"},{"$i":"month-3-short","$v":"Ephr"},{"$i":"month-4-short","$v":"Meyi"},{"$i":"month-5-short","$v":"Jun"},{"$i":"month-6-short","$v":"Jul"},{"$i":"month-7-short","$v":"Aga"},{"$i":"month-8-short","$v":"Sep"},{"$i":"month-9-short","$v":"Okt"},{"$i":"month-10-short","$v":"Nov"},{"$i":"month-11-short","$v":"Dis"},{"$i":"minutes-ago-long","$v":{"few":[{"t":"idOrVar","v":"value"}," imizuzu edlule"],"many":[{"t":"idOrVar","v":"value"}," imizuzu edlule"],"one":"Umzuzu odlule","other":[{"t":"idOrVar","v":"value"}," imizuzu edlule"],"two":[{"t":"idOrVar","v":"value"}," imizuzu edlule"],"zero":"manje"},"$x":[{"t":"idOrVar","v":"plural"},"value"]},{"$i":"hours-ago-long","$v":{"few":[{"t":"idOrVar","v":"value"}," amahora adlule"],"many":[{"t":"idOrVar","v":"value"}," amahora adlule"],"one":"ihora elidlule","other":[{"t":"idOrVar","v":"value"}," amahora adlule"],"two":[{"t":"idOrVar","v":"value"}," amahora adlule"],"zero":"manje"},"$x":[{"t":"idOrVar","v":"plural"},"value"]},{"$i":"days-ago-long","$v":{"few":[{"t":"idOrVar","v":"value"}," izinsuku ezidlule"],"many":[{"t":"idOrVar","v":"value"}," izinsuku ezidlule"],"one":"izolo","other":[{"t":"idOrVar","v":"value"}," izinsuku ezidlule"],"two":[{"t":"idOrVar","v":"value"}," izinsuku ezidlule"],"zero":"namuhla"},"$x":[{"t":"idOrVar","v":"plural"},"value"]},{"$i":"weeks-ago-long","$v":{"few":[{"t":"idOrVar","v":"value"}," amaviki adlule"],"many":[{"t":"idOrVar","v":"value"}," amaviki adlule"],"one":"iviki eledlule","other":[{"t":"idOrVar","v":"value"}," amaviki adlule"],"two":[{"t":"idOrVar","v":"value"}," amaviki adlule"],"zero":"kuleli viki"},"$x":[{"t":"idOrVar","v":"plural"},"value"]},{"$i":"months-ago-long","$v":{"few":[{"t":"idOrVar","v":"value"}," izinyanga ezidlule"],"many":[{"t":"idOrVar","v":"value"}," izinyanga ezidlule"],"one":"inyanga edlule","other":[{"t":"idOrVar","v":"value"}," izinyanga ezidlule"],"two":[{"t":"idOrVar","v":"value"}," izinyanga ezidlule"],"zero":"kule nyanga"},"$x":[{"t":"idOrVar","v":"plural"},"value"]},{"$i":"years-ago-long","$v":{"few":[{"t":"idOrVar","v":"value"}," iminyaka edlule"],"many":[{"t":"idOrVar","v":"value"}," iminyaka edlule"],"one":"ngonyaka odlule","other":[{"t":"idOrVar","v":"value"}," iminyaka edlule"],"two":[{"t":"idOrVar","v":"value"}," iminyaka edlule"],"zero":"kulo nyaka"},"$x":[{"t":"idOrVar","v":"plural"},"value"]},{"$i":"minutes-until-long","$v":{"few":["emizuzwini engu ",{"t":"idOrVar","v":"value"}],"many":["emizuzwini engu ",{"t":"idOrVar","v":"value"}],"one":"Ngemva komzuzu","other":["emizuzwini engu ",{"t":"idOrVar","v":"value"}],"two":["emizuzwini engu ",{"t":"idOrVar","v":"value"}],"zero":"manje"},"$x":[{"t":"idOrVar","v":"plural"},"value"]},{"$i":"hours-until-long","$v":{"few":["emahoreni angu ",{"t":"idOrVar","v":"value"}],"many":["emahoreni angu ",{"t":"idOrVar","v":"value"}],"one":"Ngemva kwehora","other":["emahoreni angu ",{"t":"idOrVar","v":"value"}],"two":["emahoreni angu ",{"t":"idOrVar","v":"value"}],"zero":"manje"},"$x":[{"t":"idOrVar","v":"plural"},"value"]},{"$i":"days-until-long","$v":{"few":["Ezinsukwini ezingu ",{"t":"idOrVar","v":"value"}],"many":["Ezinsukwini ezingu ",{"t":"idOrVar","v":"value"}],"one":"kusasa","other":["Ezinsukwini ezingu ",{"t":"idOrVar","v":"value"}],"two":["Ezinsukwini ezingu ",{"t":"idOrVar","v":"value"}],"zero":"namuhla"},"$x":[{"t":"idOrVar","v":"plural"},"value"]},{"$i":"weeks-until-long","$v":{"few":["emavikini angu ",{"t":"idOrVar","v":"value"}],"many":["emavikini angu ",{"t":"idOrVar","v":"value"}],"one":"ngeviki elizayo","other":["emavikini angu ",{"t":"idOrVar","v":"value"}],"two":["emavikini angu ",{"t":"idOrVar","v":"value"}],"zero":"kuleli viki"},"$x":[{"t":"idOrVar","v":"plural"},"value"]},{"$i":"months-until-long","$v":{"few":["ezinyangeni ezingu ",{"t":"idOrVar","v":"value"}],"many":["ezinyangeni ezingu ",{"t":"idOrVar","v":"value"}],"one":"ngenyanga ezayo","other":["ezinyangeni ezingu ",{"t":"idOrVar","v":"value"}],"two":["ezinyangeni ezingu ",{"t":"idOrVar","v":"value"}],"zero":"kule nyanga"},"$x":[{"t":"idOrVar","v":"plural"},"value"]},{"$i":"years-until-long","$v":{"few":["eminyakeni engu ",{"t":"idOrVar","v":"value"}],"many":["eminyakeni engu ",{"t":"idOrVar","v":"value"}],"one":"ngonyaka ozayo","other":["eminyakeni engu ",{"t":"idOrVar","v":"value"}],"two":["eminyakeni engu ",{"t":"idOrVar","v":"value"}],"zero":"kulo nyaka"},"$x":[{"t":"idOrVar","v":"plural"},"value"]},{"$i":"minutes-ago-short","$v":{"other":[{"t":"idOrVar","v":"value"}," umzuzu odlule"],"zero":"manje"},"$x":[{"t":"idOrVar","v":"plural"},"value"]},{"$i":"hours-ago-short","$v":{"other":[{"t":"idOrVar","v":"value"}," ihora elidlule"],"zero":"manje"},"$x":[{"t":"idOrVar","v":"plural"},"value"]},{"$i":"days-ago-short","$v":{"other":[{"t":"idOrVar","v":"value"}," usuku oludlule"],"zero":"namuhla"},"$x":[{"t":"idOrVar","v":"plural"},"value"]},{"$i":"minutes-until-short","$v":{"other":["Ngemva kwemizuzu engu ",{"t":"idOrVar","v":"value"}],"zero":"manje"},"$x":[{"t":"idOrVar","v":"plural"},"value"]},{"$i":"hours-until-short","$v":{"other":["Ngehora ",{"t":"idOrVar","v":"value"}],"zero":"manje"},"$x":[{"t":"idOrVar","v":"plural"},"value"]},{"$i":"days-until-short","$v":{"other":["osukwini ",{"t":"idOrVar","v":"value"}],"zero":"namuhla"},"$x":[{"t":"idOrVar","v":"plural"},"value"]},{"$i":"incorrectDate","$v":"(Usuku olunganembile)"},{"$i":"dateTimeFormat_%c","$v":"%a %b %e %Y %I:%M:%S %p"},{"$i":"dateTimeFormat_%x","$v":"%m/%d/%Y"},{"$i":"dateTimeFormat_%X","$v":"%I:%M:%S %p"},{"$i":"shortTimeFormat","$v":"%I:%M %p"},{"$i":"shortTimeFormat12","$v":"%I:%M %p"},{"$i":"shortTimeFormat24","$v":"%H:%M"},{"$i":"shortDateTimeFormat","$v":"%x %I:%M %p"},{"$i":"weekStartsOnMonday","$v":"0.0"},{"$i":"firstDayOfTheWeek","$v":"0.0"},{"$i":"time_am","$v":"AM"},{"$i":"time_pm","$v":"PM"},{"$i":"title-app","$v":"Izimvume Ze-aplikheshini"},{"$i":"title-web","$v":"Izimvume Zewebhusayithi"},{"$i":"title-cam","$v":"Khetha Ikhamera"},{"$i":"perm-alarms","$v":"Hlela Ama-alamu"},{"$i":"perm-audio-capture","$v":"Imakrofoni"},{"$i":"perm-audio-capture-appRequest","$v":["Ungathand yini ukwabelana ngemakrofoni yakho ne ",{"t":"idOrVar","v":"app"},"?"]},{"$i":"perm-audio-capture-webRequest","$v":["Ungathand yini ukwabelana ngemakrofoni yakho ne ",{"t":"idOrVar","v":"site"},"?"]},{"$i":"perm-audio-channel-content","$v":"Dlala Imisindo"},{"$i":"perm-audio-channel-notification","$v":"Dlala Umsindo Wezikhumbuzo"},{"$i":"perm-audio-channel-ringer","$v":"Dlala Umsindo Wamaringithoni"},{"$i":"perm-background-sensors","$v":"Ngena Kwisensa Yedatha"},{"$i":"perm-bluetooth","$v":"I-Bluetooth"},{"$i":"perm-browser","$v":"Hlola Amakhasi Ewebhusayithi"},{"$i":"perm-camera","$v":"Amakhamera"},{"$i":"perm-camera-selector-appRequest","$v":["Khetha ikhamera ye ",{"t":"idOrVar","v":"app"},"."]},{"$i":"perm-camera-selector-webRequest","$v":["Khetha ikhamera ye ",{"t":"idOrVar","v":"site"},"."]},{"$i":"perm-camera-appRequest","$v":[{"t":"idOrVar","v":"app"}," ingathanda ukusebenzisa ikhamera yakho."]},{"$i":"perm-camera-webRequest","$v":[{"t":"idOrVar","v":"app"}," ingathanda ukusebenzisa ikhamera yakho."]},{"$i":"perm-cellbroadcast","$v":"Ukusakaza Kweseli"},{"$i":"perm-contacts","$v":"Engixhumana nabo"},{"$i":"perm-contacts-appRequest","$v":[{"t":"idOrVar","v":"app"}," ingathanda ukungena ohlwini loxhumana nabo."]},{"$i":"perm-contacts-webRequest","$v":[{"t":"idOrVar","v":"site"}," ingathanda ukungena ohlwini loxhumana nabo."]},{"$i":"perm-desktop-notification","$v":"Izaziso"},{"$i":"perm-desktop-notification-appRequest","$v":[{"t":"idOrVar","v":"app"}," ingathanda ukuveza izaziso."]},{"$i":"perm-desktop-notification-webRequest","$v":[{"t":"idOrVar","v":"site"}," ingathanda ukuveza izaziso."]},{"$i":"perm-device-storage-apps","$v":"Isitoreji Sama-aplikheshini"},{"$i":"perm-device-storage-music","$v":"Isitoreji Somculo"},{"$i":"perm-device-storage-music-appRequest","$v":[{"t":"idOrVar","v":"app"}," ingathanda ukungena emculweni wakho."]},{"$i":"perm-device-storage-music-webRequest","$v":[{"t":"idOrVar","v":"site"}," ingathanda ukungena emculweni wakho."]},{"$i":"perm-device-storage-pictures","$v":"Isitoreji Sezithombe"},{"$i":"perm-device-storage-pictures-appRequest","$v":[{"t":"idOrVar","v":"app"}," ingathanda ukungena ezithombeni zakho."]},{"$i":"perm-device-storage-pictures-webRequest","$v":[{"t":"idOrVar","v":"site"}," ingathanda ukungena ezithombeni zakho."]},{"$i":"perm-device-storage-sdcard","$v":"Isitoreji Sememori Khadi"},{"$i":"perm-device-storage-sdcard-appRequest","$v":[{"t":"idOrVar","v":"app"}," ingathanda ukungena kwimemori khadi yakho."]},{"$i":"perm-device-storage-sdcard-webRequest","$v":[{"t":"idOrVar","v":"site"}," ingathanda ukungena kwimemori khadi yakho."]},{"$i":"perm-device-storage-videos","$v":"Isitoreji Sevidiyo"},{"$i":"perm-device-storage-videos-appRequest","$v":[{"t":"idOrVar","v":"app"}," ingathanda ukungena kumavidiyo akho."]},{"$i":"perm-device-storage-videos-webRequest","$v":[{"t":"idOrVar","v":"site"}," ingathanda ukungena kumavidiyo akho."]},{"$i":"perm-fullscreen-appRequest","$v":[{"t":"idOrVar","v":"app"}," manje igcwele isikrini."]},{"$i":"perm-fullscreen-webRequest","$v":[{"t":"idOrVar","v":"site"}," manje igcwele isikrini."]},{"$i":"perm-embed-apps","$v":"Ama-aplikheshini Anamathele"},{"$i":"perm-fmradio","$v":"Umsakazo"},{"$i":"perm-fmradio-appRequest","$v":[{"t":"idOrVar","v":"app"}," ingathanda ukusebenzisa umsakazo."]},{"$i":"perm-fmradio-webRequest","$v":[{"t":"idOrVar","v":"site"}," ingathanda ukusebenzisa umsakazo."]},{"$i":"perm-geolocation","$v":"Ukulandelela Ngebalazwe"},{"$i":"perm-geolocation-appRequest","$v":[{"t":"idOrVar","v":"app"}," ingathanda ukwazi ukuthi ukuphi."]},{"$i":"perm-geolocation-more-info","$v":[{"t":"idOrVar","v":"brandShortName"}," isebenzisa i-GPS neminye imininingwane njenge-WiFi namanethiwekhi ukuze ithole ukuthi ukuphi. Imininingwane yokuthi ukuphi ingase isetshenziswe yi ",{"t":"idOrVar","v":"brandShortName"}," nabahlinzeki bamasevisi ukuthi bathuthukise ukunemba kokwazi ukuthi ukuphi.",{"t":"idOrVar","v":"brandShortName"}," iyohlale icela imvume kuwe lapho i-aplikheshini idinga ukwazi ukuthi ukuphi."]},{"$i":"perm-geolocation-webRequest","$v":[{"t":"idOrVar","v":"site"}," ingathanda ukwazi ukuthi ukuphi."]},{"$i":"perm-idle","$v":"Bona Isimo Esimile"},{"$i":"perm-indexedDB-chrome-settings","$v":"Ilungelo Le-IndexedDB"},{"$i":"perm-indexedDB-unlimited","$v":"Isitoreji Esingenamkhawulo Se-IndexedDB"},{"$i":"perm-input-manage","$v":"Lawula Ikhibhodi"},{"$i":"perm-input","$v":"Isebenza njengekhibhodi"},{"$i":"perm-media-capture","$v":"Ikhamera Nemakrofoni"},{"$i":"perm-media-capture-appRequest","$v":["Ungathanda ukwabelana ngemakrofoni yakho ne ",{"t":"idOrVar","v":"app"},"?"]},{"$i":"perm-media-capture-webRequest","$v":["Ungathanda ukwabelana ngemakrofoni yakho ne ",{"t":"idOrVar","v":"site"},"?"]},{"$i":"perm-mobileconnection","$v":"Ukuxhumana Ngemobhali"},{"$i":"perm-mobileid","$v":"Ukuzazi Ngemobhali"},{"$i":"perm-network-events","$v":"Izenzakalo Zenethiwekhi"},{"$i":"perm-open-remote-window","$v":"Qala I-aplikheshini"},{"$i":"perm-permissions","$v":"Lungisa Izimvume Ze-aplikheshini"},{"$i":"perm-power","$v":"Amasethingi Amandla"},{"$i":"perm-settings","$v":"Guqula Amasethingi"},{"$i":"perm-systemXHR","$v":"Izicelo Ezinomsuka Ophambanayo"},{"$i":"perm-telephony","$v":"Ucingo"},{"$i":"perm-video-capture","$v":"Ikhamera"},{"$i":"perm-video-capture-appRequest","$v":["Ungathanda yini ukwabelana ngekhamera yakho ne ",{"t":"idOrVar","v":"app"},"?"]},{"$i":"perm-video-capture-webRequest","$v":["Ungathanda yini ukwabelana ngekhamera yakho ne ",{"t":"idOrVar","v":"site"},"?"]},{"$i":"perm-voicemail","$v":"Lawula Imeyili Yezwi"},{"$i":"perm-webapps-manage","$v":"Faka Ama-aplikheshini Ewebhusayithi"},{"$i":"perm-wifi-manage","$v":"Lawula I-Wi-Fi"},{"$i":"perm-attention","$v":"Ama-popup Avulekile"},{"$i":"perm-audio-channel-alarm","$v":"Dlala Umsindo We-Alamu"},{"$i":"perm-audio-channel-normal","$v":"Dlala Imisindo"},{"$i":"perm-audio-channel-publicnotification","$v":"Dlala umsindo wezikhumbuzo zomphakathi"},{"$i":"perm-audio-channel-telephony","$v":"Dlala Umsindo Wefoni"},{"$i":"perm-backgroundservice","$v":"Yenza Njengesevisi Engemuva"},{"$i":"perm-device-storage-crashes","$v":"Isitoreji Sedatha Ekrashile"},{"$i":"perm-downloads","$v":"Ngena Kokudawunilodiwe"},{"$i":"perm-embed-widgets","$v":"Ama-widgets Anamathele"},{"$i":"perm-feature-detection","$v":"Ukubona Izimpawu"},{"$i":"perm-firefox-accounts","$v":"Ama-akhawunti E-Firefox"},{"$i":"perm-mobilenetwork","$v":"Amanethiwekhi Eselula"},{"$i":"perm-moz-attention","$v":"Ama-popup Avulekile (moz)"},{"$i":"perm-moz-audio-channel-ringer","$v":"Dlala Umsindo Wamaringithoni (moz)"},{"$i":"perm-moz-audio-channel-telephony","$v":"Dlala Umsindo Wocingo (moz)"},{"$i":"perm-moz-firefox-accounts","$v":"Ama-akhawunti E-Firefox (moz)"},{"$i":"perm-networkstats-manage","$v":"Ukulawula Ukusebenzisa"},{"$i":"perm-nfc","$v":"I-NFC"},{"$i":"perm-nfc-hci-events","$v":"Izenzakalo Ze-NFC HCI"},{"$i":"perm-nfc-manager","$v":"Lawula I-NFC"},{"$i":"perm-phonenumberservice","$v":"Isevisi Yenombolo Yefoni"},{"$i":"perm-push","$v":"Cindezela I-APL"},{"$i":"perm-resourcestats-manage","$v":"Ukuqala Kwethuluzi"},{"$i":"perm-sms","$v":"Thumela Ufunde I-SMS"},{"$i":"perm-speaker-control","$v":"Lawula Ivolumu"},{"$i":"perm-storage","$v":"Ngena Kwisitorejji"},{"$i":"perm-tcp-socket","$v":"Amasokhethi E-TCP"},{"$i":"perm-test-permission","$v":"Imvume Yovivinyo"},{"$i":"perm-time","$v":"Setha Usuku Nesikhathi"},{"$i":"perm-udp-socket","$v":"Amasokhethi E-UDP"},{"$i":"perm-wappush","$v":"I-Wap Push"},{"$i":"stopped_download_title","$v":"Ukudawuniloda kumiswe"},{"$i":"kai-stopped_download_message","$v":"This download was stopped. Would you like to resume downloading?"},{"$i":"stopped_download_left_button","$v":"Khansela"},{"$i":"stopped_download_right_button","$v":"Zama futhi"},{"$i":"failed_download_title","$v":"Ukudawuniloda akuphumelelanga"},{"$i":"failed_download_message","$v":[{"t":"idOrVar","v":"name"}," ihlulekile ukudawuniloda. Phinde uzame ukudawuniloda?"]},{"$i":"failed_download_left_button","$v":"Khansela"},{"$i":"failed_download_right_button","$v":"Zama futhi"},{"$i":"stop_download_title","$v":"Yeka Ukudawuniloda"},{"$i":"stop_download_message","$v":"Uyaqiniseka ukuthi ukuyeka ukudawuniloda?"},{"$i":"stop_download_left_button","$v":"Khansela"},{"$i":"stop_download_right_button","$v":"Yima"},{"$i":"delete_download_title","$v":"Susa"},{"$i":"delete_download_message","$v":["Susa i-\"",{"t":"idOrVar","v":"name"},"\"?"]},{"$i":"delete_download_left_button","$v":"Khansela"},{"$i":"delete_download_right_button","$v":"Susa"},{"$i":"delete_all_download_title","$v":"Susa"},{"$i":"delete_all_download_left_button","$v":"Khansela"},{"$i":"delete_all_download_right_button","$v":"Susa"},{"$i":"delete_all_download_message_ext","$v":"Susa amafayela akhethiwe?"},{"$i":"delete_all_download_message","$v":{"few":["Susa ",{"t":"idOrVar","v":"number"}," amafayela?"],"many":["Susa ",{"t":"idOrVar","v":"number"}," amafayela?"],"one":"Susa ifayela elilodwa1?","other":["Susa ",{"t":"idOrVar","v":"number"}," amafayela?"],"two":["Susa ",{"t":"idOrVar","v":"number"}," amafayela?"],"zero":"Awususi mafayela?"},"$x":[{"t":"idOrVar","v":"plural"},"kilobytes"]},{"$i":"unsupported_file_type_download_title","$v":"Ayikwazi ukuvula"},{"$i":"unsupported_file_type_download_message","$v":["Ayikho i-aplikhashini ekwazi ukuvula lokhu ",{"t":"idOrVar","v":"name"},". Ungathanda yini ukulondoloza ifayela noma ungathanda ukulisusa?"]},{"$i":"unsupported_file_type_download_left_button","$v":"Gcina Ifayela"},{"$i":"unsupported_file_type_download_right_button","$v":"Susa"},{"$i":"file_not_found_download_title","$v":"Ifayela alitholakali"},{"$i":"file_not_found_download_message","$v":"Ifayela alitholakalanga kule divayisi"},{"$i":"file_not_found_download_right_button","$v":"KULUNGILE"},{"$i":"unmounted_sdcard_2_download_title","$v":"IMemori khadi iyasebenza"},{"$i":"unmounted_sdcard_2_download_message","$v":"Khipha ifoni"},{"$i":"unmounted_sdcard_2_download_right_button","$v":"KULUNGILE"},{"$i":"no_provider_download_title","$v":"Ayikwazi ukuvula"},{"$i":"no_provider_download_message","$v":"Ifomethi yefayela ayisebenzi noma ayamukelwa."},{"$i":"no_provider_download_right_button","$v":"KULUNGILE"},{"$i":"no_memory_download_title","$v":"Ikhadi le-SIM ligcwele"},{"$i":"no_memory_download_message","$v":"Asisekho isikhathi ku-SD khdi yakho yokulondoloza izinto ezidawunilodiwe. Sicela ususe amafayela ngaphambi kokuqala ukudawuniloda."},{"$i":"no_memory_download_right_button","$v":"KULUNGILE"},{"$i":"no_sdcard_found_2_download_title","$v":"Akukho khadi lememori elitholakele"},{"$i":"no_sdcard_found_2_download_message","$v":"Faka imemori khadi noma ukhethe enye indawo yemidiya kumasethingi"},{"$i":"no_sdcard_found_2_download_right_button","$v":"KULUNGILE"},{"$i":"file_open_error_download_title","$v":"Ukuqinisekisa"},{"$i":"file_open_error_download_message","$v":"Ifomati yaleli fayela ayilungile noma ayisekelwa. Ingabe ufuna ukulisusa leli fayela?"},{"$i":"file_open_error_download_left_button","$v":"Gcina Ifayela"},{"$i":"file_open_error_download_right_button","$v":"Susa"},{"$i":"restart_download_error","$v":"Kube nephutha ngesikhathi uqala kabusha ukudawuniloda. Sicela uzame ukudawuniloda futhi."},{"$i":"no-downloads","$v":"Akukho okudawunilodiwe."},{"$i":"percentage","$v":[{"t":"idOrVar","v":"percentage"}," %"]},{"$i":"partialResult","$v":[{"t":"idOrVar","v":"partial"}," / ",{"t":"idOrVar","v":"total"}]},{"$i":"summary","$v":[{"t":"idOrVar","v":"date"}," - ",{"t":"idOrVar","v":"status"}]},{"$i":"download-stopped","$v":"Kumisiwe"},{"$i":"download-failed","$v":"Ukudawuniloda akuphumelelanga"},{"$i":"open_downloaded_file","$v":"Vula"},{"$i":"share_downloaded_file","$v":"Yabelana"},{"$i":"wallpaper_downloaded_file","$v":"Setha njengephephadonga"},{"$i":"ringtone_downloaded_file","$v":"Kwenze iringithoni"},{"$i":"cancel_downloaded_file","$v":"Khansela"},{"$i":"voicemailNoNumberTitle","$v":"Inombolo ye-voicemail ayikho"},{"$i":"voicemailNoNumberText","$v":"Ayikwazi ukufonela imeyili yezwi. Setha inombolo yemeyili yezwi ukuze ufone."},{"$i":"voicemailNoNumberSettings","$v":"Amasethingi"},{"$i":"voicemailNoNumberCancel","$v":"Khansela"},{"$i":"airplaneMode","$v":"Imodi yendiza"},{"$i":"noNetwork","$v":"Ayikho inethiwekhi"},{"$i":"roaming","$v":[{"t":"idOrVar","v":"operator"}," (Roaming)"]},{"$i":"operator-info","$v":[{"t":"idOrVar","v":"carrier"}," ",{"t":"idOrVar","v":"region"}]},{"$i":"emergencyCallsOnly","$v":"Izingcingo eziphuthumayo kuphela"},{"$i":"emergencyCallsOnly-unknownSIMState","$v":"(isimo se-SIM esingaziwa)"},{"$i":"emergencyCallsOnly-noSIM","$v":"(ayikho I-SIM)"},{"$i":"emergencyCallsOnly-pinRequired","$v":"(I-SIM PIN iyadingeka)"},{"$i":"emergencyCallsOnly-pukRequired","$v":"(I-SIM PUK iyadingeka)"},{"$i":"emergencyCallsOnly-networkLocked","$v":"(inethiwekhi ivaliwe)"},{"$i":"emergencyCallsOnly-serviceProviderLocked","$v":"(Umhlinzeki uvaliwe)"},{"$i":"emergencyCallsOnly-corporateLocked","$v":"(Ukukhiya inkampani)"},{"$i":"emergencyCallsOnly-network1Locked","$v":"(inethiwekhi1 ivaliwe)"},{"$i":"emergencyCallsOnly-network2Locked","$v":"(inethiwekhi2 ivaliwe)"},{"$i":"emergencyCallsOnly-hrpdNetworkLocked","$v":"(i-hrpd nethiwekhi ivaliwe)"},{"$i":"emergencyCallsOnly-ruimCorporateLocked","$v":"(i-ruim ukukhiya inkampani)"},{"$i":"emergencyCallsOnly-ruimServiceProviderLocked","$v":"(i-ruim ukuvala umhlinzeki)"},{"$i":"lockscreen-sim-id","$v":["I-SIM",{"t":"idOrVar","v":"n"}]},{"$i":"charging-no-time","$v":[{"t":"idOrVar","v":"level"},"% Ishajiwe"]},{"$i":"charging-minutes","$v":{"few":[{"t":"idOrVar","v":"level"},"% Charged (",{"t":"idOrVar","v":"hours"},"h ",{"t":"idOrVar","v":"minutes"}," imizuzu ngaphambi kokuba igcwale ngokuphelele)"],"many":[{"t":"idOrVar","v":"level"},"% Charged (",{"t":"idOrVar","v":"hours"},"h ",{"t":"idOrVar","v":"minutes"}," imizuzu ngaphambi kokuba igcwale ngokuphelele)"],"one":[{"t":"idOrVar","v":"level"},"% Charged (",{"t":"idOrVar","v":"hours"},"h ",{"t":"idOrVar","v":"minutes"}," imizuzu ngaphambi kokuba igcwale ngokuphelele)"],"other":[{"t":"idOrVar","v":"level"},"% Charged (",{"t":"idOrVar","v":"hours"},"h ",{"t":"idOrVar","v":"minutes"}," imizuzu ngaphambi kokuba igcwale ngokuphelele)"],"two":[{"t":"idOrVar","v":"level"},"% Charged (",{"t":"idOrVar","v":"hours"},"h ",{"t":"idOrVar","v":"minutes"}," imizuzu ngaphambi kokuba igcwale ngokuphelele)"],"zero":[{"t":"idOrVar","v":"level"},"% Charged (",{"t":"idOrVar","v":"hours"},"h ",{"t":"idOrVar","v":"minutes"}," imizuzu ngaphambi kokuba igcwale ngokuphelele)"]},"$x":[{"t":"idOrVar","v":"plural"},"minutes"]},{"$i":"charging-hours","$v":{"few":[{"t":"idOrVar","v":"level"},"% Charged (",{"t":"idOrVar","v":"hours"},"h ",{"t":"idOrVar","v":"minutes"}," imizuzu ngaphambi kokuba igcwale ngokuphelele)"],"many":[{"t":"idOrVar","v":"level"},"% Charged (",{"t":"idOrVar","v":"hours"},"h ",{"t":"idOrVar","v":"minutes"}," imizuzu ngaphambi kokuba igcwale ngokuphelele)"],"one":[{"t":"idOrVar","v":"level"},"% Charged (",{"t":"idOrVar","v":"hours"},"h ",{"t":"idOrVar","v":"minutes"}," imizuzu ngaphambi kokuba igcwale ngokuphelele)"],"other":[{"t":"idOrVar","v":"level"},"% Charged (",{"t":"idOrVar","v":"hours"},"h ",{"t":"idOrVar","v":"minutes"}," imizuzu ngaphambi kokuba igcwale ngokuphelele)"],"two":[{"t":"idOrVar","v":"level"},"% Charged (",{"t":"idOrVar","v":"hours"},"h ",{"t":"idOrVar","v":"minutes"}," imizuzu ngaphambi kokuba igcwale ngokuphelele)"],"zero":[{"t":"idOrVar","v":"level"},"% Charged (",{"t":"idOrVar","v":"hours"},"h ",{"t":"idOrVar","v":"minutes"}," imizuzu ngaphambi kokuba igcwale ngokuphelele)"]},"$x":[{"t":"idOrVar","v":"plural"},"minutes"]}]